Park Name,Address,Space Count,Phone Number
'Pineview/Cloverleaf Mobile Home Park',"3309 Main Street, Adamsville, AL, 35005, US",,205-674-0222
'Daisy City Mobile Home Park',"Adamsville, AL, 35005-0147, US",,205-674-6130
'Valley Mobile Home Park',"4615 Veterans Memorial Dr, Adamsville, AL, 35005-1375, US",,205-674-5696
'Westwood MHP',"102 Hosch Dr, Adamsville, AL, 35005-2042, US",,205-798-6868
'Longview Mobile Home Park',"5017 Kings Drive, Adamsville, AL, 35005, US",,205-674-5696
'Longmeadow Mobile Home Park',"Ofc: 561 1st St N, Alabaster, AL, 35007, US",225,
'Lake Hill Mobile Home & Rv Park',"5400 Al Highway 128, Alexander City, AL, 35010-6199, US",,(256) 329-3300
'Country Estates',"518 Gate Five Rd, Alexandria, AL, 36250, US",,256-820-4095
'Garner Trailer Park',"102 Lawrimore Rd, Alexandria, AL, 36250, US",,
'Country Lane Mobile Home Park',"Aliceville, AL, 35442, US",30,
'Gladeview Park',"5700 Glade Road, Anniston, AL, 36206, US",,256-239-9041
'Three Oaks Trailer Park',"32 Bobo Lane, Anniston, AL, 36207, US",,
'Country Court Mh & Rv Park',"3459 Us Highway 78 E, Anniston, AL, 36207-4554, US",,(256) 835-2045
'Calhoun Mobile Homes Park',"1608 Golden Springs Rd, Anniston, AL, 36207-6921, US",,(256) 831-1322
'Cherry Station Mobile Home Park',"702 Jamback Rd G 12, Anniston, AL, 36207, US",,
'Sprayberry's Mobile Home Park',"46 Harrison Rd, Anniston, AL, 36201, US",,
'Chandler Trailer Park',"75 Old Coldwater Rd, Anniston, AL, 36201, US",,
'Paynes Trailer Park',"3918 Old Birmingham Hwy, Anniston, AL, 36201, US",,
'Ford Mobile Home Park',"1670 Choccolocco Rd, Anniston, AL, 36207, US",,
'Fites Mobile Home Park',"511 Hillyer High Rd, Anniston, AL, 36207, US",,
'Welch's Trailer Park',"3182 Choccolocco Rd, Anniston, AL, 36207, US",,
'Bentley Trailer Park',"3367 Choccolocco Rd, Anniston, AL, 36207, US",,
'Haynes Trailer Park',"31 Diana Hills Rd, Anniston, AL, 36207, US",,
'Sedler Mobile Home Park',"1176 Gate 8 Rd, Anniston, AL, 36201, US",,
'Calhoun Mobile Home Park',"Anniston, AL, 36202, US",,
'Idle Hour Trailer Park',"Anniston, AL, 36202, US",,
'Posey Mobile Home Park',"Anniston, AL, 36202, US",,
'Arrow Drive Mobile Home Park',"2029 Lynn Rd, Anniston, AL, 36207, US",,
'Alabama Mobile Home Park',"1529 Leightonave, Anniston, AL, 36207, US",,
'Kemp Mobile Home Park',"1441 Morrisville Rd, Anniston, AL, 36201, US",,
'Country Aire Mobile Manor',"Powerline Rd, Aberdeen, ID, 83210, US",33,208-397-4907
'Lenzs Mh Park',"3477 E 1300 N, Ashton, ID, 83420, US",12,208-652-3539
'Stronks Mh Park',"Maple St, Ashton, ID, 83420, US",12,208-652-3467
'Silver Lawn Trailer Park',"10891 Cement City Hwy, Addison, MI, 49220-8703, US",95,(517) 547-5966
'Southgate Mobile Park',"2425 E Us Highway 223, Adrian, MI, 49221-8465, US",48,(517) 263-2532
'Sterling Estates',"1203 Division St, Adrian, MI, 49221-4230, US",216,517-263-8380
'Friendly Village',"1100 S Main St, Adrian, MI, 49221-4317, US",179,517-940-4544
'Caton Place',"964 Caton Ave, Adrian, MI, 49221, US",12,
'Hidden River North',"975 West Beecher Street, Adrian, MI, 49221, US",212,517-306-2563
'Adrian Estates',"1003 Lansing St, Adrian, MI, 49221-4052, US",26,(517) 263-5330
'Kings Court Mobile Park',"1142 Lansing St # 3c, Adrian, MI, 49221-4029, US",123,(517) 263-3402
'Maple Woods Manufactured Home',"1550 W Beecher Rd, Adrian, MI, 49221-8754, US",285,(517) 263-7440
'Robin Hood Mobile Ct',"3180 N Adrian Dr, Adrian, MI, 49221-1181, US",25,(517) 265-8511
'Raisin Valley',"4797 N Adrian Hwy, Adrian, MI, 49221, US",26,
'Lee Villa Mobile Home Park',"2985 Gady Rd # 2, Adrian, MI, 49221-9359, US",113,(517) 423-4180
'Conway Commons Park',"2959 Us 31 S, Alanson, MI, 49706, US",51,231-347-6900
'Alanson Estates',"6760 Us 31 N, Alanson, MI, 49706, US",20,
'Twin Pines',"2701 Calhoun Road, Albion, MI, 49224, US",73,616-633-9633
'Wildflower Crossing',"1642 Alyssum Court, Albion, MI, 49224, US",344,(708)781-1032
'O & M Mobile Home Park',"Alger, MI, 48610-0118, US",40,(989) 836-2531
'Thorn Hollow Mh Village',"9600 Nook Rd, Algonac, MI, 48001, US",45,
'Algonac Mobile Home Park',"3812 Pointe Tremble Rd, Algonac, MI, 48001, US",32,
'Channel View',"5150 Taft Rd, Algonac, MI, 48001, US",303,(810) 794-3110
'Swan Lake Mobile Estates',"4312 Swan Lake Dr.  Lot #13, Allegan, MI, 49010, US",47,269-521-3613
'Village East Mobile Home Park',"1258 Lincoln Rd, Allegan, MI, 49010, US",73,
'Allegan Mobile Estates',"1260 Lincoln Rd, Allegan, MI, 49010, US",42,
'Shady Oak Mh Community',"414 Russell St, Allegan, MI, 49010, US",8,
'Dumont Creek Estates',"M 40 N, Allegan, MI, 49010, US",75,
'Homecrest Villa Mobile Home',"1573 June Ave, Allegan, MI, 49010-9178, US",58,(269) 686-7642
'Allendale Meadows Mobile Park',"11400 Boyne Blvd, Allendale, MI, 49401-9551, US",352,(616) 895-6684
'Deerfield Manor',"4370 Pingree, Allendale, MI, 49401, US",30,616-895-7522
'Knollwood Estates',"4595 Knollwood Dr., Allendale, MI, 49401, US",,866-635-9817
'Allendale Meadows',"11400 Boyne Blvd., Allendale, MI, 49401, US",,888-353-6856
'Hidden Forest Mh Estate',"Mettacahonts Rd, Accord, NY, 12404, US",,845-626-8607
'WT - Jefferson Courts',"12600 Us Rt 11, Adams Center, NY, 13606, US",39,585-434-3032
'Sandy Acres MHP',"13925 Greene Street, Adams Center, NY, 13606, US",,585-434-3032
'WT - Woodlane Village',"1st & North Street, Adams Center, NY, 13606, US",50,585-434-3032
'Quarry Hills Estates',"11789 Main Rd, Akron, NY, 14001-9700, US",226,813-945-7378
'Golden Pond Estates',"13411 Main Rd, Akron, NY, 14001-9535, US",231,(716) 542-4460
'Akron-Cook MHP',"12 Danita Drive, Akron, NY, 14001, US",119,585-434-3032
'Dellas Mobile Home Park',"Albany, NY, 12001, US",27,
'Hillcrest Commons Mh Park',"Albany, NY, 12001, US",72,
'Park Place Mobile Home Park',"Albany, NY, 12001, US",62,
'Hillcrest  II  MHC',"301 Hamilton Street, Albion, NY, 14411, US",9,585-434-3032
'Heritage Estates',"95 Heritage Est, Albion, NY, 14411-9779, US",100,(585) 589-0395
'Oak Orchard Mh Estates & Sales',"3320 Oak Orchard Rd, Albion, NY, 14411-1047, US",235,585-589-5591
'Hillcrest I',"228 West Academy Street, Albion, NY, 14411, US",34,585-434-3032
'Bush Gardens Mobile Home Park',"19 Bush Gdns, Alden, NY, 14004-9447, US",320,(716) 937-9695
'Country Meadows Mhp',"11922 Buckwheat Rd, Alden, NY, 14004, US",49,
'The West Bank',"3189 Broadway Road, Alexander, NY, 14005, US",12,585-434-3032
'Swan Bay Mh Estates & Marina',"Route 12, Alexandria Bay, NY, 13607, US",,315-482-2419
'Meadow Lane Mh Park',"20560 Pinehurst Rd, Alexandria Bay, NY, 13607-2122, US",90,315-482-2186
'Colonial Village',"3974 Route 417, Allegany, NY, 14706, US",156,716-557-4485
'Valley View Estates',"4115 S. Nine Mile Road #130, Allegany, NY, 14706, US",,
'Allegany',"4115 S. Nine Mile Road #130, Allegany, NY, 14706, US",,
'Scotch Pine Mobile Home Manor',"454 66 S. Albion, Altmar, NY, 13302, US",43,315-625-4737
'Gildersleeve Park Mobile Homes',"600 Broadway, Amityville, NY, 11701-2132, US",,(631) 789-3838
'Frontier Mobile Home Park',"805 Broadway, Amityville, NY, 11701, US",,631-789-0150
'Northway Mobile Home Park',"4293 State Hwy 30, Amsterdam, NY, 12010-8250, US",157,(518) 842-2622
'Melody Meadows Mhp',"8930 Erie Rd, Angola, NY, 14006, US",174,(716) 549-5995
'Trinton Derby Mhp',"7979 Erie Rd, Angola, NY, 14006, US",137,
'Stephens Trailer Park',"Stephens Rd, Apalachin, NY, 13732, US",45,
'Bouton Trailer Park',"Old Owego Rd, Apalachin, NY, 13732, US",16,
'Antioch Mobile Home Park',"2360 Antioch Pike, Antioch, TN, 37013, US",16,615-213-2650
'Country Meadows MHC',"75 B Waikiki Blvd., Antioch, TN, 37013, US",300,813-945-7378
'Surburban Mobile Home Park',"2702 Murfreesboro Rd, Antioch, TN, 37013-2004, US",,(615) 365-0420
'Canada Trace Mobile Home',"3300 Canada Rd, Arlington, TN, 38002, US",47,(901) 388-3053
'North Pointe Mobile Home Park',"1715 Velma Rd, Athens, TN, 37303-2245, US",,(423) 746-0400
'Belle Air Village',"1809 Velma Rd, Athens, TN, 37303-2215, US",,
'Holiday Mobile Home Park',"711 Hamby St # 53, Athens, TN, 37303-2268, US",,(423) 746-4458
'Athens Mobile Home Park',"1809 Velma Road, Athens, TN, 37303, US",,423-381-0280
'Atwood Acres Mobile Home Park',"23 Highway 79 Ln, Atwood, TN, 38220-2023, US",30,(731) 662-7402
'Southwood Manor',"9499 Brayton Dr #68, Anchorage, AK, 99507, US",417,(907) 344-0111
'Dimond Estates Mobile Home Pk',"1200 W Dimond Blvd, Anchorage, AK, 99515-1505, US",522,(907) 344-6611
'Manoogs Isle',"2611 Pago Pago Ave, Anchorage, AK, 99507-1823, US",365,(907) 563-3382
'Top Hand Trailer Court',"2409 Mcrae Rd, Anchorage, AK, 99517-2507, US",24,(907) 243-2611
'Greenland Acc Park',"3007 Arctic Blvd, Anchorage, AK, 99503-3812, US",,(907) 563-7328
'Glencaren Court',"2221 Muldoon Rd, Anchorage, AK, 99504-3614, US",460,(907) 337-9464
'Golden Nugget Camper Park',"4100 Debarr Rd, Anchorage, AK, 99508-3116, US",190,(907) 333-2012
'Mayflower Circle Park & Hm Sls',"1001 Boniface Pkwy, Anchorage, AK, 99504-1601, US",,(907) 333-7579
'Penland Park  -  Updated',"3240 Penland Pkwy. #1, Anchorage, AK, 99508, US",,(907) 274-2913
'Rangeview Mobile Home Park',"705 Muldoon Rd, Anchorage, AK, 99504-2029, US",300,(907) 333-5889
'Four Seasons',"5901 E 6th Ave, Anchorage, AK, 99504-1017, US",,(907) 929-1884
'Rolling Meadows Mobile Home',"301 S East St, Abingdon, IL, 61410-1759, US",72,(309) 462-2135
'Shady Acres Mobile Home Park',"600 4th Ave N # 45, Albany, IL, 61230-9608, US",48,(309) 887-4141
'Pleasant Hills Mobile Home Park',"7th & Terminal, Albion, IL, 62806, US",46,618-382-5371
'H & South Mobile Home Park',"North End Of College Lane, Aledo, IL, 61231, US",8,309-582-2124
'Daland Court',"200 North 45th Street, Alorton, IL, 62207, US",12,618-271-8891
'Mobley Mobile Home Park',"4201 4301 Broadway, Alorton, IL, 62207, US",6,618-875-3466
'Walnut Street',"3908 3926 Walnut Street, Alorton, IL, 62207, US",7,618-271-1338
'Connor Bosley Mh Park',"3803 Walnut, Alorton, IL, 62207, US",6,618-271-4229
'Alpha Mh Park',"Alpha, IL, 61413, US",36,
'Iva Belle Mobile Home Park',"North 3rd Street, Altamont, IL, 62411, US",22,618-214-9023
'Mound Mobile Home Park',"North 3rd Street, Altamont, IL, 62411, US",11,618-483-5348
'Altamont Mobile Home Park',"306 North 8th Street, Altamont, IL, 62411, US",7,618-483-5505
'Brown's Altamont Trailer Park',"504 North 8th, Altamont, IL, 62411, US",13,618-536-6603
'Oak View',"Rr 2, Altamont, IL, 62411, US",20,618-483-5998
'Enchanted Village',"246 Wonderland Dr., Alton, IL, 62018, US",,618-372-6066
'Glenwood',"3431 Seminary St, Alton, IL, 62002-5727, US",,(618) 463-0322
'O'connell's Yogi Bear',"Amboy, IL, 61310-0200, US",,(815) 857-3860
'Amboy Mphi Llc',"16 W Wasson Rd, Amboy, IL, 61310-1159, US",95,(815) 857-3611
'The Meadows',"16 W. Wasson, Amboy, IL, 61310, US",,(815) 857-3611
'P A W South Rental Properties',"North Green & George Sts, Anna, IL, 62906, US",21,618-964-1936
'Anna Mobile Home Park',"426 East Jefferson Street, Anna, IL, 62906, US",22,603-502-3164
'Craig's Mobile Home Park',"423 East Jefferson Street, Anna, IL, 62906, US",23,618-833-6697
'Ritchey's Mobile Home Park',"504 East Williams Street, Anna, IL, 62906, US",26,618-827-3668
'Willoway Terrace',"2300 E Oakton St, Arlington Heights, IL, 60005, US",,877-936-2646
'Gilley Mh Park',"223 North Walnut, Arthur, IL, 61911, US",7,217-923-3646
'Plato Recreation Park',"Rr 2, Ashkum, IL, 60911, US",6,815-432-2613
'Ashland East Mobile Home Park',"Sylvan Street, Ashland, IL, 62612, US",16,217-787-5009
'Ashland South Mobile Home Park',"Ashland, IL, 62612, US",41,217-787-5009
'Green Acres Mobile Home Park',"#11 Green Acres, Ashmore, IL, 61912, US",29,217-948-5594
'Whitehouse Mobile Home Park',"109 South Pearl Street, Atkinson, IL, 61235, US",21,309-895-5210
'Why Not Park',"23577 State Highway 47, Aitkin, MN, 56431-2078, US",,(320) 684-2133
'Aitkin Mobile Home Park',"13 1st St Nw, Aitkin, MN, 56431-1303, US",,(218) 927-4335
'Shamrock Mobile Home Park',"1009 Shamrock Lane, Albany, MN, 56307-8700, US",31,320-845-4724
'Countryside Hills Mobile Home',"705 E 18th St, Albert Lea, MN, 56007-3374, US",111,(507) 373-6226
'Albert Lea Estates Mobile Home Community',"1714 Margaretha Ave, Albert Lea, MN, 56007-3286, US",68,507-320-1714
'Stoney Creek Estates',"E 18th Street, Albert Lea, MN, US",,
'',"3375 Smith Lake Road, Alexandria, MN, 56308, US",10,320-763-7848
'Alexandria Manufactured Home',"Rr 2, Alexandria, MN, 56308-9802, US",89,(320) 763-6960
'Meadowland Estates',"401 34th Ave E, Alexandria, MN, 56308-1341, US",54,
'Olson's Mobile Park',"1611 6th Ave E # A7, Alexandria, MN, 56308-2161, US",45,(320) 763-5018
'Ada Pine Beach',"Alexandria, MN, US",,
'Alex Mobile Estates',"Alexandria, MN, US",,
'Cedar Hills Mobile Home Park',"Alexandria, MN, US",,
'',"Alexandria, MN, US",,
'Runestone Mobile Park',"Alexandria, MN, US",,
'Hustad Mobile Home Park',"215 Mckay Ave N, Alexandria, MN, 56308-8550, US",64,(320) 762-0842
'Hiview Park',"2208 State Highway 29 N, Alexandria, MN, 56308-8542, US",65,(320) 763-5962
'Don's Lakeview Mobile Home Pk',"1310 W Lake Cowdry Rd Nw, Alexandria, MN, 56308-8135, US",15,(320) 762-1427
'Eastview Mobile Home Park',"12128 State Highway 55 Nw, Annandale, MN, 55302-3454, US",303,320-274-8187
'Elm Grove Mobile home Park',"12244 Hwy 55nw Trlr 4, Annandale, MN, 55302, US",31,
'Oak Terrace Estates',"6545 Highway 10 Nw, Anoka, MN, 55303-4597, US",89,763-421-6540
'Apple Valley Estates',"13001 Pennock Ave, Apple Valley, MN, 55124-8588, US",108,952-454-2727
'Cedar Knolls',"12571 Garland Ave., Apple Valley, MN, 55124, US",,(952) 431-5771
'Audubon MHP Manufactured Home Community',"770 5th St., Audubon, MN, 56511, US",,218-216-0395
'Oakland Estates MHC',"3700 3rd Place Sw, Austin, MN, 55912, US",217,507-481-5070
'Austin Mobile Home Park',"Austin, MN, 55912, US",30,
'Countryside Park',"Austin, MN, 55912, US",8,
'Pine Acres Park',"Aberdeen, NC, 28315, US",,910-245-3148
'Lock Haven Mobile Home Park',"114 Barr Lane, Advance, NC, 27006, US",,
'Fairfield Mobile Home Park',"433 Baltimore Rd, Advance, NC, 27006, US",,336-998-8444
'Daniel West Subdivision',"160 River Dr, Advance, NC, 27006, US",,
'Hodson Mobile Home Park',"Hodson Rd, Advance, NC, US",16,
'Hobson Mobile Home Park',"815 Redland Rd, Advance, NC, 27006, US",,336-998-4588
'Tyson Village Mh Park',"24224 Nc 138, Albemarle, NC, 28001, US",29,
'Eury's Mhp',"Eds Ave, Albemarle, NC, 28001, US",4,
'Rolling Hills Mobile Home Park',"24001 Canton Rd, Albemarle, NC, 28001, US",71,
'Green Acres Mhp',"Green Acre Dr, Albemarle, NC, 28001, US",43,
'Burlesms Mhp',"26906 Herman Rd, Albemarle, NC, 28001, US",5,
'Green Acres Mobile Home Park',"1351 Judy St # 1, Albemarle, NC, 28001, US",,
'Royal Mhp',"400 Farmbrook, Albemarle, NC, 28001, US",20,
'Hunneycut Mhp',"26738 Burleson Rd, Albemarle, NC, 28001, US",33,
'Shady Oaks Mobile Park',"2302 E Main St, Albemarle, NC, 28001-9125, US",28,704-982-1066
'Eury's Mhp',"30770 Tom Rd, Albemarle, NC, 28001, US",5,
'Sundale Village Trailer Park',"28385 Austin Rd, Albemarle, NC, 28001, US",,
'Bethany Mhp',"34872 Lowder Rd, Albemarle, NC, 28001, US",9,
'Mills Mhp',"Lowder Rd, Albemarle, NC, 28001, US",8,
'Lissa Ann Mh Village',"Millingport Rd, Almond, NC, US",6,
'Broadway Villa',"Kent St, Andrews, NC, 28901, US",21,828-321-3277
'Higdon's Mobile Park',"Higdons Street, Andrews, NC, 28901, US",19,
'Sherrill's Mobile Home Park',"Andrews, NC, 28901, US",47,828-321-5557
'Deans Mobile Home Park',"2828 Matthew Mill Pond Rd, Angier, NC, 27501, US",18,
'R&R Mobile Home Park',"2764 Mathew Mill Pond Rd, Angier, NC, 27501, US",5,
'Barnes Mobile Home Park',"4008 Abbottoir Rd, Angier, NC, 27501, US",3,
'Giles Mobile Home Park',"50 Giles Ln, Angier, NC, 27501, US",9,
'Circle L Mobile Home Park',"2430 Langdorn Rd, Angier, NC, 27501, US",33,
'Brentwood Ii  Mhp',"39 Larry Dr, Angier, NC, 27501, US",100,
'Crossings  Mobile Home Park',"4586 Nc 55 W, Angier, NC, 27501, US",27,919-639-2250
'Woods Village',"3149 Elm St, Abilene, TX, 79602-6841, US",,
'Hartford Village Mobile Hm Pk',"5850 Hartford St # 64, Abilene, TX, 79605-3357, US",130,(325) 691-1047
'Lake Breeze Trailer Park',"902 E South 11th St, Abilene, TX, 79602-4158, US",,(325) 677-9029
'Abilene Estates',"402 Arnold Blvd, Abilene, TX, 79605-2302, US",,(325) 232-6802
'Village Mobile Home Park',"318 Arnold Blvd, Abilene, TX, 79605-1224, US",,(325) 691-0795
'Westgate Mobile Home Park',"161 S Pioneer Dr, Abilene, TX, 79605-1547, US",84,(325) 695-4510
'Continental Villa',"202 Arnold Blvd, Abilene, TX, 79605-1268, US",,(325) 692-5006
'Meadow Ridge Estates',"202 Arnold Blvd, Abilene, TX, 79605, US",50,
'Texas Place Mobile Home Park',"4620 N 1st St, Abilene, TX, 79603-6598, US",,(325) 695-7270
'Coachlight Mobile Home Park',"4600 Coachlight Rd, Abilene, TX, 79603-3111, US",,(325) 673-6631
'Pleasant Hill Mobile Home Park',"109 Meadowlark Dr, Abilene, TX, 79601-2713, US",215,(325) 677-3331
'Oakridge Estates MHC',"5601 Red Hawk Circle, Abilene, TX, 79605, US",100,
'Pleasant Valley Rv Trailer Pk',"1400 W Crocket Rd, Alamo, TX, 78516, US",,(956) 781-3821
'Bougainvillea Courts',"501 U.S. Highway 83, Alamo, TX, 78516-2523, US",32,956-787-9028
'Alamo Palms Mobile Park',"1341 W Us Highway 83, Alamo, TX, 78516-2519, US",649,(956) 787-7571
'Gentle Breeze Mobile & Rv Park',"402 N Cesar Chavez Rd, Alamo, TX, 78516-4001, US",76,(956) 781-8905
'Sioux Road Mobile Home Park',"530 E Frontage Rd, Alamo, TX, 78516-3518, US",,(956) 283-1850
'Alamo Recreational Vehicle',"1320 W Frontage Rd, Alamo, TX, 78516-3701, US",500,(956) 787-8221
'Andy's Mobile & Rv Svc',"Rr 1 Box 85, Alamo, TX, 78516-9742, US",,(956) 781-9459
'Alamo Orange Grove',"1443 Nebraska Rd, Alamo, TX, 78516-9312, US",,
'Highland Mobile Home Park',"W Sioux Rd, Alamo, TX, 78516, US",,
'Lake Fork Marina',"275 Cr 1558, Alba, TX, 75410, US",,903-765-2764
'Lake Fork Resort',"5004 N Sm 17, Alba, TX, 75410, US",,903-765-2987
'Aledo',"124A Yates Circle, Aledo, TX, 76008, US",,(817) 441-7155
'Capri Mobile Home Park',"1121 Stonehinge St #45, Alice, TX, 78332-6700, US",80,361-668-0999
'Blue Bonnett Mobile Home Park',"725 N Johnson St # 29, Alice, TX, 78332-3257, US",34,(361) 668-3606
'Paisano Mobile Home Park',"5540 Highway 359 # C, Alice, TX, 78332-9253, US",50,(361) 664-3909
'Shady Lane Mobile Home Park',"228 Terrell St, Alice, TX, 78332-3330, US",10,361-668-4630
'Palm Mobile Home Park',"1301 Edith Dr # 5, Alice, TX, 78332-3401, US",68,(361) 664-6216
'A & M Mobile Home Park',"3363 N Highway 281 # 1, Alice, TX, 78332-2992, US",15,(361) 664-1502
'Shadow Ridge Rv Resort',"Ajo, AZ, 85321-2368, US",125,520-387-5055
'Alpine Village RV Park',"42702 E Hwy 180, Alpine, AZ, 85920, US",50,928-339-1841
'Quail Run MHP',"3700 S Tomahawk Rd, Apache Junction, AZ, 85219-9256, US",102,480-983-9807
'Palmas Del Sol East',"3400 S Ironwood Dr, Apache Junction, AZ, 85220-7102, US",394,(480) 983-4084
'Saguaro Canyon Village',"3355 S Cortez Rd, Apache Junction, AZ, 85219, US",103,480-983-8339
'Wickiup Mh & Rv Park',"2015 Highway 60 East, Apache Junction, AZ, 85219, US",111,480-982-6604
'Raindance Mobile Park',"2605 S Tomahawk Rd, Apache Junction, AZ, 85219-9115, US",290,480-982-1886
'Sierra Del Saguaro Mh & Rv Resort',"1855 W Southern Ave, Apache Junction, AZ, 85220-7318, US",225,480-982-2444
'Bonita Vista Mh Park',"2175 W Southern Ave, Apache Junction, AZ, 85220-7319, US",406,(480) 982-5630
'Mountain Vista Family Park',"1100 S Warner Dr # 5, Apache Junction, AZ, 85220-6037, US",45,(480) 983-5484
'Weavers N.E.Edle Rv Park',"250 S Tomahawk Rd, Apache Junction, AZ, 85219-5469, US",400,480-982-3683
'Shady Rest Mh Park',"11435 E Apache Trl, Apache Junction, AZ, 85220-3563, US",117,480-986-6997
'Apache Junction Mh Park',"800 W Apache Trl # 56, Apache Junction, AZ, 85220-3937, US",192,480-982-3231
'Danas Trailer Ranch',"10712 E Apache Trl, Apache Junction, AZ, 85220-3365, US",178,480-986-1471
'Raineys Mobile Home Park',"135 N Saguaro Dr, Apache Junction, AZ, 85220, US",11,
'La Casa Trail Mobile Villa',"53 N Mountain Rd, Apache Junction, AZ, 85220-3554, US",79,480-984-6723
'Meridian Mh Park',"351 N Meridian Rd, Apache Junction, AZ, 85120, US",193,480-982-1193
'Zims Trailer Park',"475 N Ocotillo Dr, Apache Junction, AZ, 85220-5356, US",,480-982-9974
'El Dorado Mobile Estates',"202 N Meridian Rd, Apache Junction, AZ, 85220-3628, US",178,480-986-2155
'Silverado Estates',"2900 W Superstition Blvd, Apache Junction, AZ, 85220-2979, US",129,480-982-9067
'Coral Sands Mh Park',"11425 E University Dr, Apache Junction, AZ, 85220-4337, US",147,480-986-3266
'La Siesta Park',"900 N San Marcos Dr, Apache Junction, AZ, 85220-8523, US",101,480-982-5642
'Sunset Mesa Park',"929 N Delaware Dr, Apache Junction, AZ, 85220-2581, US",54,480-982-2439
'Golden Acres Mobile Manor',"1150 N Delaware Dr, Apache Junction, AZ, 85220-2510, US",112,480-982-4049
'Arizona Rv & Mh Park',"2100 E Roundup St, Apache Junction, AZ, 85119, US",55,480-982-6968
'Ironwood Mh Park',"1280 N Ironwood Dr, Apache Junction, AZ, 85120, US",100,775-762-1038
'Mountain View Ranch',"1325 N Delaware Dr # 124, Apache Junction, AZ, 85220-2567, US",138,480-982-3455
'Sierra Leone Mobile Park',"1804 W Tepee St, Apache Junction, AZ, 85120, US",80,480-982-5962
'Windsong Mh Park',"2292 N Ironwood Dr # 84, Apache Junction, AZ, 85220-1563, US",135,480-983-5121
'Shiprock RV Resort',"1700  W. Shiprock, Apache Junction, AZ, 85120, US",120,480-505-1300
'Sunset Acres Mobile Home Park',"405 E. Water Street, Akron, IN, 46910, US",23,
'Fairview Acres',"S.R. 28, Albany, IN, 47320, US",32,
'Albany Mobile Home Park',"715 N Plum St, Albany, IN, 47320-1040, US",40,(765) 789-6606
'7th Street Park',"411 S 7th St, Albion, IN, 46701-1418, US",43,(260) 636-3663
'Maple Courts/Kd Homes',"313 S. Oak St., Albion, IN, 46701, US",27,260-636-1125
'Orchard Ridge Mobile Estates',"410 E. South St., Albion, IN, 46701-1530, US",50,(219) 923-9002
'Kozy Valley Mobile Home Park',"814 E. South St., Albion, IN, 46701, US",22,(219) 923-9002
'K D Homes Inc',"729 W 300 N, Albion, IN, 46701-9558, US",,(260) 636-1245
'Sunset Valley Estates',"310 W. Hazel St., Albion, IN, 46701, US",11,260-636-7297
'Hippenhammer Mobile Home Park',"S.R. 8, Albion, IN, 46701, US",11,
'Country Living Mobile Home Park',"S.R. 9 & 900 N., Alexandria, IN, 46001, US",12,765-754-7733
'Four Season Mobile Home Park',"Madison Ave. Rd., Alexandria, IN, 46001, US",32,
'Midway Mobile Home Park',"4272 W. 1100 N., Alexandria, IN, 46001, US",17,765-754-7737
'The Modern Mobile Home Court',"1301 Park Ave., Alexandria, IN, 46001, US",82,765-724-2059
'Alexandria Mobile Home Park',"1411 N Park Ave, Alexandria, IN, 46001-1043, US",74,(765) 724-7023
'Country Side Court',"7540 Americus Rd, Americus, IN, US",10,765-589-8641
'Hi Way Inc Park',"1625 W. 53rd St., Anderson, IN, 46011, US",36,765-644-5876
'Southgate Village',"328 W 53rd St # 86, Anderson, IN, 46013-1587, US",78,(765) 641-7018
'Camelot Village',"2700 West 38th Street, Anderson, IN, 46011, US",,(765) 644-4479
'Deerfield Run',"2986 Deerfield Run Blvd, Anderson, IN, 46017-9327, US",210,(765) 643-4580
'Redbud Estates',"1800 W 38th St, Anderson, IN, 46013-1099, US",579,(765) 644-4479
'Meadowbrook Golf Estates',"1104 Club House Dr, Anderson, IN, 46013-6019, US",,(765) 608-1000
'Valley Grove Mobile Home Park',"2455 E Cr 67 #1, Anderson, IN, 46017, US",20,765-621-3128
'Mounds Mobile Home Park',"2721 Mounds Rd, Anderson, IN, 46016-5861, US",54,(765) 642-5939
'Hollywood Estates',"144 Hollywood Blvd., Anderson, IN, 46016-5821, US",240,765-649-7191
'Royal Oaks Llc Mobile Home Community',"4801 E. County Rd. 67 Suite 248, Anderson, IN, 46017, US",192,765-378-5967
'Bubbling Springs Mobile Home',"757 N 500 E, Anderson, IN, 46017, US",17,(765) 378-7430
'Shady Rest Mobile Home Park',"325 E. Cross St., Anderson, IN, 46012, US",30,765-644-8118
'Willow Inn Mobile Home Park',"235 W Willow St, Anderson, IN, 46012-1697, US",39,765-644-9981
'Triangle Mobile Home Park',"2917 N State Road 9, Anderson, IN, 46012-1527, US",48,765-649-6646
'Jodie's Mh Park',"775 Riverside Rd, Avon, MS, 38723, US",15,662-378-3810
'Park Place Court',"1400 East Second St, Adams County, ND, US",,
'Arthur Mobile Home Park',"Arthur, ND, 58006-0081, US",,(701) 967-8579
'Pleasant View',"65 E 400 S, American Fork, UT, 84003, US",,
'C View Mobile Home Park',"360 S 100 E, American Fork, UT, 84003, US",,
'Riviera Mobile Home Park',"40 E 300 S, American Fork, UT, 84003, US",,
'Seven C's Mobile Home Park',"120N 350W #122, American Fork, UT, 84003, US",75,801-756-3996
'Brown's Mobile Courts',"420 Mulberry St, Alma, AR, 72921-3926, US",,479-632-2791
'Superstiton Lookout RV Resort',"1371 E. 4th Ave, Apache Junction, AR, 85119, US",,480-982-2008
'Cox Mobile Manor',"109 Evonshire Dr, Arkadelphia, AR, 71923-5449, US",80,(870) 246-8193
'J & R Mobile Home Estates',"25 Friendship Dr, Arkadelphia, AR, 71923-2612, US",,(870) 245-2192
'Rockway Mobile Home Park',"1020 Park Ave, Ashdown, AR, 71822-4534, US",50,
'The Green Gables',"310 South 11th Street, Adel, IA, 50003, US",25,515-993-3856
'Ainsworth Mh Court',"450 Old Military Road, Ainsworth, IA, 52201, US",18,319-657-3862
'Finzen Mh Court',"Akron, IA, 51001, US",44,
'Halley's Mobile Home Park Inc',"6974 Highway 34, Albia, IA, 52531-8709, US",31,(641) 932-7396
'Countryside Mobile Park',"Albion, IA, 50005, US",32,
'Hillcrest Estates',"Hwy 18, Algona, IA, 50511, US",63,
'South Oak Estates',"1109 109th Street, Algona, IA, 50511, US",58,641-220-3300
'Westview Park',"106 Leander St., Alta, IA, 51002, US",59,712-200-3300
'Northside Trailer Court',"114 North Main, Alta, IA, 51002, US",,712-284-2485
'Old Well Court',"203 E Wilson St, Alta Vista, IA, US",11,
'Country Living Mh Park',"6930 Ne 56th St, Altoona, IA, 50009-9552, US",144,515-967-2204
'Country Club Crossing',"1101 Hickory Boulevard, Altoona, IA, 50009, US",,(515) 967-7714
'Emerald Mobile Home Park',"3308 S Duff, Ames, IA, 50010, US",69,515-292-1086
'Old Orchard Mobile Home Park',"111 Mulberry Blvd, Ames, IA, 50010-8148, US",285,515-232-5260
'Meado Lane Mobile Home Park',"1316 South Duff Avenue, Ames, IA, 50010, US",112,515-232-6971
'Shady Grove Mobile Home Park',"1006 S Dayton Ave, Ames, IA, 50010-7701, US",58,515-233-6444
'College Mobile Home Park',"4130 Lincoln Swing, Ames, IA, 50010, US",47,515-292-3078
'Crestview Mobile Home Park',"R.R. 4 West Lincoln Way, Ames, IA, 50014, US",72,515-292-1576
'Hickory Grove Mh Park',"R.R.2, Ames, IA, 50010, US",34,515-388-4058
'Homestead Colony',"843 W 190th St, Ames, IA, 50010-9217, US",77,515-232-3699
'Fairview Terrace',"9710 York St, Anamosa, IA, 52205-7869, US",31,319-362-2467
'Southtowne',"1900 Highway 64 E, Anamosa, IA, 52205-2102, US",127,319-462-6155
'Happy Hollow Mh Court',"605 E First St Park, Anamosa, IA, 52205, US",20,319-462-3653
'Benham Trailer Park',"902 908 Maple Street, Anita, IA, 50020, US",11,712-762-3262
'Oakwood Heights Mh Park',"7368 Ne Berwick Dr, Ankeny, IA, 50021-8829, US",164,515-964-4167
'Mel Ray MHC',"2301 Sw Oralabor Road, Ankeny, IA, 50023, US",93,
'Manly Mhp',"113 Nw Countrywood Ln, Ankeny, IA, 50021, US",21,
'Inn Towner Mhp',"South 3rd Ave, Armstrong, IA, 50514, US",52,712-864-3009
'Woodleys Lakeside Mh Park',"232nd Avenue, Arnolds Park, IA, 51331, US",38,
'Pelican Ridge M H C',"1200 Sunshine Run, Arnolds Park, IA, 51331-7532, US",147,712-332-7015
'Sunny Knoll Court',"8th & N Bates St, Adrian, MO, 64720, US",,816-297-2134
'Donnohue Mobile Home Park',"705 W 4th, Appleton City, MO, 64724, US",,660-476-2728
'Hidden Valley Mobile Home Park',"Arnold, MO, 63010, US",131,(636) 296-7289
'Rockview Heights Mhc',"201 Rockview Ln, Arnold, MO, 63010-2464, US",101,(636) 296-7289
'Rockview Heights',"329 Rockview Cr, Arnold, MO, 63010, US",101,(636) 296-7289
'Ozark Mobile Home Park',"510 D St, Arnold, MO, 63010-2307, US",,(636) 287-2333
'Pacific Manor',"348 Heritage Hills, Arnold, MO, 63010, US",,
'Starling Mobile Home Community',"50 Starling Community Trlr Ct, Arnold, MO, 63010-1759, US",175,(636) 296-8333
'Coach Mobile Home Court',"654 Jeffco Blvd # 1, Arnold, MO, 63010-1437, US",150,(636) 296-5212
'Rex Aire',"71 Rex Air Ct., Office, Arnold, MO, 63010, US",4,636-333-3883
'Newton Mobile Home Park',"Boone St, Ash Grove, MO, 65604, US",6,
'Pittmans Mobile Home Park',"Boone St, Ash Grove, MO, 65604, US",8,
'Davis Mobile Home Park',"E College St, Ash Grove, MO, 65604, US",8,
'Golden Windmill Village',"111 Eastside Dr, Ashland, MO, 65010-9205, US",,(573) 657-2176
'Leo J Williams Trailer Park',"Rr 1, Aurora, MO, 65605-9116, US",,(417) 678-3308
'Prospect Park',"422 E Prospect St, Aurora, MO, 65605-2681, US",100,(417) 678-5238
'Cedar Glen Mobile Home Park',"1600 S Engle St, Aurora, MO, 65605-2676, US",43,(417) 678-4252
'Birchwood Mobile Home Park',"1100 Birchwood Dr, Aurora, MO, 65605-2075, US",35,(417) 678-5500
'Hupp & Poole',"High St, Aberdeen, OH, 45101, US",4,
'Locust Trailer Park',"Locust St, Aberdeen, OH, 45101, US",4,
'Lively Lady',"995 Us 52, Aberdeen, OH, 45101, US",25,
'Ruggles Mobile Home Park #2',"1151 73 Maryland St, Aberdeen, OH, 45101, US",6,
'Riverside Mobile Home Park',"1180 Us 52, Aberdeen, OH, 45701, US",19,
'Ruggles Mobile Home Park',"1185 Us 52, Aberdeen, OH, 45101, US",28,
'Aberdeen Mobile Home Park 1&2',"135 Elm St, Aberdeen, OH, 45101, US",266,
'Elrod's',"1775 Circle Dr, Aberdeen, OH, 45101, US",4,
'Castle Villa Mh Park',"220 Vaugher Hill, Aberdeen, OH, 45101, US",30,
'Hillcrest Estates',"4599 Sr 68, Ada, OH, 45810, US",30,
'Parkview Estates',"569 E Lincoln Ave, Ada, OH, 45810, US",94,
'Hillcrest Mobile Home Park',"State Rt 235, Ada, OH, 45810, US",31,
'Northland Mobile Home Park',"746 N Main St, Ada, OH, 45810-1083, US",93,419-634-0100
'Green Meadow Court',"23135 Sr 235, Ada, OH, 45810, US",45,419-634-7057
'Belmont Court',"207 E Belmont St, Agler, OH, 45812, US",10,
'Nimisila Mobile Home Park',"418 Caston Rd E, Akron, OH, 44319, US",44,
'Mayfield Mobile Home Park',"1909 E Turkeyfoot Lake Rd # 32, Akron, OH, 44312-5424, US",44,(330) 896-1575
'Sandy Beach Trailer Park',"3785 Main St S, Akron, OH, 44319, US",104,
'Coventry Estates',"2132 Arlington St, Akron, OH, 44216, US",14,
'Plaza Court',"1576 Canton Rd, Akron, OH, 44312, US",32,
'Maplewood Park',"3271 E Waterloo Rd, Akron, OH, 44312-4038, US",155,(330) 628-4306
'Dor Way Mobile Home Park',"1990 S Main St, Akron, OH, 44301, US",14,
'Nemes Mobile Home Park',"1955 S Main St, Akron, OH, 44301, US",7,
'Alexanders Mh Park',"2305 Waterloo Rd, Akron, OH, 44312, US",48,
'Bears Mobile Home Park',"1093 Canton Rd, Akron, OH, 44312, US",21,
'Western Reserve',"146 Wilpark Dr, Akron, OH, 44312-6101, US",95,(330) 628-9118
'The Willows',"146 Wilpark Dr, Akron, OH, 44312-3551, US",143,330-628-9118
'Frank's Mobile Homes Park',"954 Canton Rd, Akron, OH, 44312-3317, US",46,(330) 784-5888
'K G Trailer Park',"386 Columbine Ave S, Akron, OH, 44312, US",6,
'Boals Trailer Park',"3052 Albrecht Ave, Akron, OH, 44312, US",5,
'Mobile Development',"3380 E Woodbridge Rd, Acampo, CA, 95220-9541, US",,209-369-1314
'Arbor Mobile Home Park',"19690 N Highway 99, Acampo, CA, 95220-9510, US",173,(209) 369-2452
'Sycamore Mobile Home Park',"24064 N Highway 99, Acampo, CA, 95220-9518, US",21,(209) 368-0433
'Stallion Meadows Mh Park',"33105 Santiago Rd, Acton, CA, 93510-1875, US",154,661-269-2303
'Majestic Homes And Land',"3963 Sierra Hwy, Acton, CA, 93510, US",,661-269-9949
'Acton Country Mobile Home Park',"2501 Sierra Hwy, Acton, CA, 93510-1434, US",25,661-269-2770
'Adelanto Mobile Park',"17971 Jonathan St, Adelanto, CA, 92301-1707, US",41,760-246-5070
'Sunset Mobile Park',"11137 Bartlett Ave, Adelanto, CA, 92301-2048, US",30,760-246-8574
'Desert Capri Mobile Home Park',"11423 Crippen Rd, Adelanto, CA, 92301-1801, US",78,760-246-5664
'Sierra Sands Mobile Home Park',"18772 N Bellflower St, Adelanto, CA, 92301, US",24,
'Butte Creek Mobile Home Park',"Adin, CA, 96006-0200, US",20,(530) 299-3119
'Seminole Springs Mobile Park',"30473 Mulholland Hwy, Agoura Hills, CA, 91301-3127, US",215,(818) 889-1221
'Hacienda Vasques Mh Park',"32590 Agua Dulce Canyon Rd, Agua Dulce, CA, 91350, US",57,
'Oak Grove Trailer Park',"12753 W Sierra Hwy, Agua Dulce, CA, 91350, US",37,
'Alpine Oaks Mobile Estates',"3505 Alpine Blvd, Alpine, CA, 91901-2302, US",66,(619) 445-3081
'Alpine Mobile Home Estates',"2400 Alpine Blvd, Alpine, CA, 91901-4004, US",152,(619) 445-2345
'Alta Laguna Mobile Estates',"10210 Baseline Rd, Alta Loma, CA, 91701-6061, US",294,909-987-2570
'Alta Vista Mobile Home Comm',"10350 Baseline Rd, Alta Loma, CA, 91701-6060, US",186,(909) 987-5622
'Ramona Villa Estates',"9800 Baseline Rd, Alta Loma, CA, 91701-5943, US",149,(909) 987-7358
'Chaparral Heights Mobile Home',"6880 Archibald Ave, Alta Loma, CA, 91701-5047, US",152,(909) 987-3830
'Big Horn Mobile Home Park',"Altaville, CA, 95221-0446, US",188,(209) 736-2075
'Sullys Trailer Lodge',"602 S East St, Alturas, CA, 96101-4148, US",22,
'Nifty Mobile Home & Park',"1401 Thomason Ln # 1, Alturas, CA, 96101-3112, US",36,530-233-5322
'California Pine Mobile Home lot',"Alturas, CA, 96101, US",,
'Summerset Mobile Estates',"Alviso, CA, 95002-0878, US",112,(408) 946-1990
'Fairgrounds Mobile Estates',"2525 Flosden Rd, American Canyon, CA, 94503-3069, US",230,(707) 644-4720
'World Marine Estates',"2555 Flosden Rd # 127, American Canyon, CA, 94503-3925, US",125,(707) 648-2616
'Las Casitas Napa Mobile Home',"3000 Broadway St, American Canyon, CA, 94503-1207, US",96,(707) 552-2112
'American Canyon Mobile Home Pk',"260 American Canyon Rd, American Canyon, CA, 94503-3068, US",191,(707) 552-5036
'Olympia Mobilodge Of Napa',"244 American Canyon Rd, American Canyon, CA, 94503-3067, US",201,(707) 644-8133
'Andover Estates',"105 E Rhondda Ave, Andover, KS, 67002-9635, US",266,316-272-7802
'Lou Ann's Campgrounds',"9423 292nd Rd, Arkansas City, KS, 67005-6265, US",26,(620) 442-4458
'Sandalwood Mobile Home Park',"519 E Kansas Ave, Arkansas City, KS, 67005-1260, US",58,(620) 442-5884
'',"Rr1, Arkansas City, KS, 67005, US",20,620-442-7471
'Willow Creek Mobile Home Park',"Rr2, Arkansas City, KS, 67005, US",38,
'Smokey Valley Mobile Home Park',"Cox Way, Assaria, KS, 67416, US",37,785-667-3922
'Forest Mobile Home Park',"21st & Forest Park Ave, Atchison, KS, 66002, US",75,
'Countryside Estates',"1605 Main St, Atchison, KS, 66002-2609, US",35,913-367-3764 
'Decade Acres Mobile Home Park',"1900 Harper Dr, Atchison, KS, 66002-1174, US",,785-236-8677 
'Country Club',"17420 Country Club Rd, Atchison, KS, 66002, US",3,
'Country Club Road',"Atchison, KS, US",3,
'Mini Mobile Park',"Country Club Rd, Atchison, KS, 66002, US",3,
'Augusta Mobile Home Park',"713 W 7th Ave, Augusta, KS, 67010-1347, US",128,316-775-6101
'Augusta East Mobile Home Park',"1245 Hooper Dr, Augusta, KS, 67010-1878, US",46,316-775-7479
'Mc Clure Family Ltd',"1703 Ridgewood Dr, Augusta, KS, 67010-9495, US",,(316) 775-1080
'Anaconda Mobile Court',"404 N Cable Rd, Anaconda, MT, 59711-1692, US",10,406-563-7077
'North Latta Mh Village',"1323 Latta Road, Ada, OK, 74820-8612, US",,580-332-6718
'Country Lane Mh Park',"3 W & Highway 19, Ada, OK, 74820, US",,580-332-0178
'Westside Properties',"1028 W Main St, Ada, OK, 74820-5420, US",,(580) 235-2211
'Country Hills Mobile Home Park',"2800 N Country Club Rd, Ada, OK, 74820, US",145,(580) 332-3404
'Bakers Lake Ranch Mh Park',"Afton, OK, 74331, US",,
'Boxes Mobile Home Park',"R R 1 Box 564, Afton, OK, 74331-9641, US",,
'East Bay Resort Mh Park',"Rt 3 Box 1812, Afton, OK, 74331, US",,
'Ridenours Mobile Home Park',"R R 4 Box 629, Afton, OK, 74331, US",,
'Tera Miranda Mh Park',"Rt 3 Box 2200, Afton, OK, 74331, US",,
'Three C's Rv Park',"R R 3 Box 1438, Afton, OK, 74331, US",18,918-257-5605
'Grand Country Mobile Park',"55015 E 270 Rd, Afton, OK, 74331, US",10,918-257-5164
'Paradise Cove Mh Park',"Rt 2 Box 718, Afton, OK, 74331, US",,
'Hudson Bay Mobile Home Park',"53501 E 260 Rd, Afton, OK, 74331, US",,
'Oneys Mobile Home Park',"53561 E 260 Road, Afton, OK, 74331, US",,
'Cecils Mobile Home Park',"Box 477, Alex, OK, 73002, US",6,
'Sooner Trailer Court',"1601 S Main St, Altus, OK, 73521-6501, US",30,580-482-1182
'Falcon Terrace Mh Park',"1200 N Park Lane # 15, Altus, OK, 73521-4560, US",67,580-482-6450
'Sunset Mobile Home Park',"1401 N Blain St # 20, Altus, OK, 73521-2357, US",,(580) 482-6597
'Park Lane Estates',"2101 North Park Lane, Altus, OK, 73521, US",200,(580) 482-4661
'Keltner Mobile Home Park',"203 Oklahoma Blvd, Alva, OK, 73717-2843, US",35,(580) 327-3374
'Amber Mobile Home Park',"Box 215, Amber, OK, 73004, US",11,405-222-0044
'Koch Trailer Park',"218 Santa Fe Drive, Arapaho, OK, 73620, US",40,
'Whispering Oaks Mobile Home Park',"9651 E Waterloo Rd., Arcadia, OK, 73007-9550, US",191,(405) 396-2791
'Me Trailer Park',"980 Lake Murray Dr S, Ardmore, OK, 73401-8657, US",,(580) 226-9060
'Plaza Mobile Homes Park',"602 Park St Se, Ardmore, OK, 73401-8841, US",,(580) 223-2923
'Viewpointe Mobile Home Park',"116 S Commerce St, Ardmore, OK, 73401-3901, US",110,(580) 223-1040
'Meadowbrook Mobile Home Park',"2021 4th Ave Nw # 96, Ardmore, OK, 73401-2529, US",155,(580) 226-0506
'Mayo Mobile Homes',"1911 7th Ave Nw, Ardmore, OK, 73401-2273, US",23,(580) 223-3144
'Town & Country Mobile Home Pk',"3841 N Commerce St # 3, Ardmore, OK, 73401-1090, US",,(580) 226-2222
'Clear Creek Mobile Home Park',"17216 Ian Ln, Abingdon, VA, 24210-7944, US",34,276-628-1396
'Anderson's Trailer Park',"946 Hillman Hwy Ne, Abingdon, VA, 24210-4129, US",52,(276) 628-9506
'Dreamland Homes',"Accomac, VA, 23301-0419, US",90,(757) 787-2823
'Penn Daw Terrace Trailer Park',"Alexandria, VA, 22309-0270, US",91,(703) 768-9318
'Harmony & Rays Mhp',"8018 Richmond Hwy, Alexandria, VA, 22306-3098, US",75,(703) 360-4460
'Audubon - Virginia',"7930 Audubon Ave., Alexandria, VA, 22306, US",700,302-945-5186
'Falcon Crest Mhp',"200 Boxwood Circle, Amherst, VA, 24521, US",,
'Court Lane Mobile Home Park',"Amissville, VA, 20106, US",13,540-937-7362
'Parkview Mobile Home & Rv Park',"Appomattox, VA, 24522-0130, US",30,(434) 352-8784
'D S Nash Construction Co',"Highway 24 E, Appomattox, VA, 24522, US",72,434-352-2366
'Sedgefield',"102 Water Oak Ln, Ashland, VA, 23005-2228, US",262,(804) 798-8051
'Palm Leaf Mobile Home Park',"Ashland, VA, 23005-5093, US",50,(804) 798-6618
'Chimney Corner Park',"10296 Old Ridge Road, Ashland, VA, 23005, US",,
'Blue Ridge Trailer Court',"Augusta County, VA, US",,
'Country Estates Mhp',"Augusta County, VA, US",,
'Fordwick Mh Village',"Augusta County, VA, US",,
'Jollett Springs Mhp',"Augusta County, VA, US",,
'Knox Mobile City',"Augusta County, VA, US",,
'Woodlawn Village',"Augusta County, VA, US",,
'Niblett Mobile Home Park',"Box 1241, Axton, VA, 24054, US",,
'Windy Hill Mobile Home Park',"Box 2095, Axton, VA, 24054, US",,
'D & L Mobile Home Park',"Box 2382, Axton, VA, 24054, US",,
'Poteat Mobile Home Park',"Box 466, Axton, VA, 24054, US",,
'Rolling Hills Mobile Home Park',"Box 483, Axton, VA, 24054, US",,
'Windy Ridge Mobile Home Park',"Box 667, Axton, VA, 24054, US",,
'Mountain Vista Village',"Box 778, Axton, VA, 24054, US",,
'My Sisters Place',"11701 Hwy 17, Alamosa, CO, US",12,719-378-2098
'Wagon Wheel Mhp',"8719 Us Highway 285 S, Alamosa, CO, 81101-8726, US",35,719-589-4242
'Century Mobile Home Park',"1700 State Ave, Alamosa, CO, 81101-3543, US",183,719-589-2784
'Navajo Trailer Park',"12535 Hwy 160, Alamosa, CO, US",5,719-589-3808
'Town N Country Annex',"3105 Main St, Alamosa, CO, US",58,719-587-0668
'High Valley Park',"4892 State Highway 17, Alamosa, CO, 81101, US",28,719-589-3333
'Berkeley Village Mobile Home',"5400 Sheridan Blvd, Arvada, CO, 80002-7046, US",400,303-455-0659
'Smugglers Mobile Owners Assoc',"301 Oak Ln, Aspen, CO, 81611-2184, US",,970) 925-5594
'Aspen Village Home Owners Assoc',"31300 Highway 82, Aspen, CO, 81611-9626, US",150,970-923-4337
'Stewart Mobile Home Park',"325 E 1st St, Ault, CO, 80610-9628, US",60,970-834-2028
'Millers Trailer Park',"321 Hwy 85, Ault, CO, 80610, US",9,
'Hensley Mobile Home Park',"511 Hwy 85, Ault, CO, 80610, US",4,
'Aspen Meadows Mhc',"21589 E. Rowland Place, Aurora, CO, 80016, US",257,303-400-4208
'Cedar Village Mobile Home Park',"15814 E Colfax Ave, Aurora, CO, 80011-5835, US",132,303-344-3831
'Woodshire East',"17501 E Colfax Ave, Aurora, CO, 80011-5030, US",238,303-341-2354
'Green Acres Mobile Home Park',"1540 Billings St, Aurora, CO, 80011-5700, US",210,303-364-3744
'Friendly Village Of Aurora',"1711 Roosevelt Way, Aurora, CO, 80011-4950, US",439,303-360-9530
'Hillcrest Village',"1600 Sable Boulevard, Aurora, CO, 80011, US",,(303) 364-4782
'The Meadows',"14470 E. 13th Avenue, Aurora, CO, 80011, US",1,
'Neilson Trailer Park',"9859 2100 Rd, Austin, CO, 81410, US",,
'Aspens Mobile Home Village',"901 W Beaver Creek Blvd, Avon, CO, 81620, US",159,970-949-4588
'Lowhorn Mobile Park',"Water Street, Albany, KY, 42602, US",10,
'Genes Mobile Home Park',"Allen Street, Albany, KY, 42602, US",20,606-387-5553
'Oak Meadow Mobile Home Park',"Allen Street, Albany, KY, 42602, US",30,
'Grider Hill Dock Mh Park',"Rt. 4, Albany, KY, 42602, US",51,
'Wolf River Resort And Marina',"Rt. 2 Box 751, Albany, KY, 42602, US",,606-387-5841
'While Villa Mobile Home Park',"200 Terrace Court, Alexandria, KY, 41001, US",50,859-635-2440
'Derby Hills Pointe',"784 Whirlaway Lane, Alexandria, KY, 41001, US",169,859-250-8927
'Campbell Pointe',"12635 Spruce Street, Alexandria, KY, 41001, US",,859-250-8927
'Alpike Mobile Park',"Alpike Mobile Park, Allen, KY, 41601, US",25,(606) 874-2560
'Toskana Place',"1824 Radio Road, Almo, KY, 42020, US",13,270-753-9270
'Shields Mobile Home Park',"Ed Harp Lane, Artemus, KY, 40903, US",4,606-546-6403
'Sycamore Park M.H.P.',"Elkhorn Creek Road, Ashcamp, KY, 41512, US",9,606-754-9126
'Court Of Three Sisters',"1007 West Midland Trail, Ashland, KY, 41102, US",28,606-928-9687
'Doug George Mobile Park',"11613 Midland Trail Road, Ashland, KY, 41102, US",3,606-928-8370
'Green Tree Mobile Village',"1600 Wolohan Drive, Ashland, KY, 41102, US",32,606-324-5849
'Gobblers Knobb Mobile Park',"2223 Judy Lane, Ashland, KY, 41102, US",4,606-928-8002
'Dale Renee Park',"1632 Shopes Creek Road, Ashland, KY, 41102, US",34,
'Ponderosa Mobile Park',"8126 Ponderosa Ridge, Ashland, KY, 41102, US",42,606-324-2020
'Suburban Mobile Home Park',"6525 U.S. 60, Ashland, KY, 41102, US",39,606-928-6395
'Old Mill Run',"State Route 716, Ashland, KY, 41102, US",38,304-529-2033
'Rucker Mobile Home Park',"Route 716, Ashland, KY, 41102, US",18,606-928-5165
'River Park Mobile Court',"4900 Boyd Street, Ashland, KY, 41101, US",42,606-325-1700
'Mays Park',"901 Glendale Road, Ashland, KY, 41102, US",14,606-928-4454
'Pine Terrace Mobile Home Park',"1001 Forestdale Road, Ashland, KY, 41102, US",38,
'Green Acres Mobile Park',"330 W Donta Road, Ashland, KY, 41102, US",33,606-928-9201
'Meades Mobile Park',"3108 Simpson Road, Ashland, KY, 41101, US",25,606-324-9112
'J & J Mobile Home Park',"103 Mcknight Street, Ashland, KY, 41102, US",15,606-329-0567
'Kelleys Mobile Home Park',"705 Bellefonte Road, Ashland, KY, 41102, US",18,606-324-6652
'Tanglewood Mobile Home Park',"103 Lycan Rd, Ashland, KY, 41101-7184, US",70,606-324-2020
'Settlers Grove Mh Park',"891 West Main Street, Auburn, KY, 42206, US",26,
'C & D Mobile Home Park',"Ainsworth, NE, 69210, US",,402-387-1019
'Kyser Mobile Home Park',"Ainsworth, NE, 69210, US",,402-387-1809
'Goldie Davis Mobile Home Park',"W Second St, Ainsworth, NE, 69210, US",6,402-387-2528
'Halligans Trailer Court',"320 North Pine, Ainsworth, NE, 69210, US",7,402-387-1633
'Pine Villa Mobile Home Park',"E Hwy 91, Albion, NE, 68620, US",,402-497-2381
'Siesta Mobile Home Park',"402 W Front St, Alda, NE, 68810, US",8,(308) 390-7369
'Majorins Mobile Home Park',"502 W Front, Alda, NE, 68810, US",18,
'M&M Mobile Home Park',"106 N Chestnut, Alda, NE, 68810, US",11,308-380-8282
'',"5020 W Hwy 30, Alda, NE, 68810, US",,308-395-9546
'Prairie West Mobile Home Park',"4954 W Hwy 30, Alda, NE, 68810, US",20,308-389-5757
'Haven Trailer Court',"6090 Rock Road, Alliance, NE, 69301, US",14,308-762-3537
'Lazy W Mobile Home Park',"400 Kansas, Alliance, NE, 69301-4006, US",75,308-762-8216
'Flying Diamond Court',"1003 E Third, Alliance, NE, 69301, US",9,308-762-8642
'',"1039 Duncan, Alliance, NE, 69301, US",7,308-762-6943
'Tower Plaza Mobile Home Park',"Alliance, NE, 69301, US",,308-458-2716
'T & M Trailer Park',"9th & Kennedy Ave, Alma, NE, 68920, US",,308-928-2707
'Hooks and Arrows RV & MHP',"1000 Meyer, Alma, NE, 68920, US",,308-999-0092
'Foster Trailer Court',"9th And 10th St, Altoona, NE, 16602, US",15,308-352-4612
'Chucks Trailer Park',"4th & Main St, Arapahoe, NE, 68922, US",18,308-962-7416
'Strode Trailer Park',"702 South 7th St, Ashland, NE, 68003-0154, US",,402-944-7362
'El Rancho Mh Court',"2102 Fumas St, Ashland, NE, 68003, US",,402-944-3610
'Briarpark Trailer Court',"Atkinson, NE, 68713, US",14,402-925-5453
'Walsh Mobile Home Park',"Atkinson, NE, 68713, US",7,402-925-5459
'Southside Mobile Home Park',"South Hwy 75, Auburn, NE, 68305, US",38,
'Huntington Mh Village',"1405 26th St, Auburn, NE, 68305, US",16,402-660-6600
'Terrace Mobile Home Park',"1623 U Street, Auburn, NE, 68305, US",22,402-274-3188
'Country Side Court',"12th & Kissel St, Aurora, NE, 68818, US",38,402-694-2869
'Greenmeadow Estates',"Aurora, NE, 68818, US",32,402-694-3789
'Maples 2 Mobile Home Park',"Aurora, NE, 68818, US",,402-694-3154
'Grandpa's Place',"1000 E St, Aurora, NE, 68818, US",40,402-694-5592
'J I Bar Mobile Home Court',"Adams, OR, 97810, US",6,541-276-9070
'Oakvilla Mobile Home Park',"32483 Oakville Rd Sw, Albany, OR, 97321-9439, US",83,541-752-3733
'Camelot Mobile Home Park',"34505 Riverside Dr Sw, Albany, OR, 97321, US",50,
'Oak View Terrace',"777 College Park Dr Sw, Albany, OR, 97321-8401, US",105,541-928-4885
'Columbus Greens',"5050 Columbus St, Albany, OR, 97322, US",268,949-486-7167
'Edgewood Mobile Home Park',"3800 S Mountain View Dr Se, Albany, OR, 97321-6409, US",151,541-926-8844
'Valley Trailer Park',"3419 S Pacific Blvd, Albany, OR, 97321, US",23,
'Three Lakes Estates',"2151 Three Lakes Rd, Albany, OR, 97321, US",96,541-859-3530
'Shorewood Estates',"1905 Waverly Dr Se, Albany, OR, 97321-6954, US",102,541-926-9787
'Periwinkle Mobile Park',"1010 Geary St Se, Albany, OR, 97321-6819, US",37,541-926-0700
'Heatherdale Mobile Village',"950 Airport Rd Se, Albany, OR, 97321-5108, US",80,541-926-6360
'Coral Gardens Mobile Park',"1200 Salem Ave S E, Albany, OR, 97321, US",33,
'Woodland Square Mh Park',"1415 Salem Ave Se, Albany, OR, 97321, US",20,
'Rosewood Estates',"300 Western Ave Se, Albany, OR, 97321-6581, US",78,541-812-1559
'Village Estate Mobile Park',"3246 Salem Ave S.E. # 1, Albany, OR, 97321-4566, US",39,541-926-3383
'Maple Terrace Mh Park',"830 N Albany Rd, Albany, OR, 97321, US",19,541-753-3260
'Century Firs Mh Park',"1101 Century Dr Ne, Albany, OR, 97321, US",3,541-758-2000
'Albany Trailer Park',"1197 Century Dr Ne, Albany, OR, 97321-4366, US",22,541-928-8532
'Wishing Well Mobile Home Park',"10555 7737 S.E. Columbus, Albany, OR, 97321, US",,
'Reedville Mobile Home Park',"1550 S.W. Cornelius Rd, Aloha, OR, 97006, US",78,
'Wymans Trailer Court',"148 S Second Street, Alsea, OR, 97324, US",9,541-487-4462
'Crooked Creek Mh Park',"20312 Alsea Highway, Alsea, OR, 97324-9715, US",15,541-487-7388
'Applegate Mobile Home Park',"537 Thompson Creek Rd, Applegate, OR, 97530, US",44,
'Terrace Heights Trailer Court',"1290 Main St, Arlington, OR, 97812-0061, US",26,(541) 454-2757
'Columbia River Mh Park',"Shane Dr, Arlington, OR, 97812, US",75,541-454-2555
'Siskiyou Trailer Village',"2799 Siskiyou Blvd, Ashland, OR, 97520-9537, US",51,541-482-1776
'Pines Trailer Court',"1565 Siskiyou Blvd, Ashland, OR, 97520, US",37,
'Wingspread Mobile Home Park',"321 Clay St, Ashland, OR, 97520-1338, US",108,541-779-7495
'Tolman Creek Park',"215 Tolman Creek Rd, Ashland, OR, 97520, US",37,541-482-1615
'Ashland Acres Mh Estates',"1235 N Mountain Ave, Ashland, OR, 97520, US",16,
'Wildwood Village',"1753 State Route 105, Aberdeen, WA, 98520, US",16,
'Rustemeyer Mhp',"17 Rustemeyer Rd, Aberdeen, WA, 98520, US",22,
'South Shore Vllge',"29 Newskah Rd, Aberdeen, WA, 98520, US",,
"'Leisure Manor Estates, LLC'","312 Care Free Circle, Aberdeen, WA, 98520, US",215,360-979-0500
'Boulevard Mhp',"216 W Curtis St, Aberdeen, WA, 98520, US",42,360-593-9386
'Skookum Mhp',"3910 Olympic Hwy, Aberdeen, WA, 98520, US",13,360-533-5668
'Hazel's Trailer Court',"122 Nw Boulevard, Aberdeen, WA, 98520, US",2,
'Linkshire Center',"5611 Olympic Hwy, Aberden, WA, 98520, US",42,360-533-1861
'Country Hills Mh Park',"1314 Hwy 395 South, Addy, WA, 99101, US",47,509-935-6726
'Lawson Campbell Mhp',"21st & Lawson St, Airway Heights, WA, 99001, US",89,509-238-9469
'Vietzke Village Mhp',"2011 S Craig Rd, Airway Heights, WA, 99001, US",55,509-244-9607
'Aero Mhp',"1649 S Campbell, Airway Heights, WA, 99001, US",34,509-244-4299
'West Plain Rental Properies',"1430 S Albert, Airway Heights, WA, 99001, US",,509-535-9791
'All Seasons Mhp',"12525 W Sunset Hwy, Airway Heights, WA, 99001, US",10,
'Crestwood Mhp',"W 12823 13th, Airway Heights, WA, 99001, US",16,509-244-2271
'Rainbow Trailer Park',"13919   W 12th, Airway Heights, WA, 99001, US",32,509-244-2718
'Sands Mobile Home Park',"302 S Lawson, Airway Heights, WA, 99001, US",25,(509) 244-4433
'Amboy Trailer Park',"39617 Ne Amboy Rd, Amboy, WA, 98601, US",16,360-247-5584
'Alder Mhp',"28201 Ne 419th St, Amboy, WA, 98601, US",10,
'Brookside Mhp',"43209 Ne 285th Ave, Amboy, WA, 98601, US",17,360-737-0842
'Forest Grove Mhp',"1530 148th St Ne, Arlington, WA, 98271, US",24,
'Lake Ki Mh Park',"1820 Lakewood Dr, Arlington, WA, 98223, US",12,
'Smokey Point Mhp',"17532 Smokey Pt Blvd, Arlington, WA, 98223, US",32,(360) 653-8804
'Seven Lakes Mhp',"2809 Lakewood Rd Nw, Arlington, WA, 98223, US",30,(360) 652-9894
'Guinns Mhp',"18301 31st Ave Ne, Arlington, WA, 98223, US",3,
'Mobile Estates',"19920 67th Ave Ne, Arlington, WA, 98223, US",57,
'Pleasant Homes Mhp',"20211 67th Ave Ne, Arlington, WA, 98223, US",10,360-435-5689
'Portage Green',"20227 80th Ave Ne, Arlington, WA, 98223, US",79,949-486-7167
'Zwickers Mobile Park',"Rt 1 Box 96 K, Arlington, WA, 98223, US",3,
'Riverside Mhp',"105 E Cox St, Arlington, WA, 98223, US",16,
'Valley Motor Trailer Sales',"832 S Main St, Beacon Falls, CT, 06403-1626, US",93,203-888-6772
'Country Living Mh Park',"Acron Rd & Paul Eds Rd, Abbeville, LA, 70510, US",47,
'J & L Mobile Home Park',"18732 Mouton Cove Dr, Abbeville, LA, 70510-8662, US",34,(337) 893-2346
'Touchets Mobile Home Park',"Touchet Dr, Abbeville, LA, 70510, US",26,
'Buds Mobile Park',"Bud Rd, Abbeville, LA, 70510, US",34,
"'Southland Mobile Home Park, LLC'","2830 Rodeo Rd., Abbeville, LA, 70510, US",59,337-781-5468
'Tishs Mobile Park',"Graceland Rd, Abbeville, LA, 70510, US",22,
'Shady Acres Mobile Estates',"2417 Lee St, Alexandria, LA, 71301-5934, US",,(318) 443-9937
'Crossroads Mobile Estate',"909 Praet Ave, Alexandria, LA, 71303-4234, US",,(318) 443-1290
'Cabana Mobile Estates',"6101 N Bolton Ave, Alexandria, LA, 71303-5317, US",158,(318) 445-1886
'Driftwood Mobile Court',"1810 Airbase Rd, Alexandria, LA, 71303-5308, US",20,318-448-0705
'Jaco Mobile Home Park',"2083 Coteau Rodaire Hwy # A, Arnaudville, LA, 70512-4128, US",,(337) 667-6626
'Coteau Rodaire Mobile Home',"2052 Coteau Rodaire Hwy, Arnaudville, LA, 70512-4126, US",,(337) 667-6944
'Alamo Estates',"1st West & Airport Rd, Alamo, NV, 89001, US",24,775-439-5780
'Picketts Mobile Home Park',"Alamo, NV, 89001, US",8,
'Sharps Mobile Home Park',"Alamo, NV, 89001, US",7,775-725-3405
'Beaver Creek Village',"101 Sunrise Dr, Abbottstown, PA, 17301-9606, US",,(717) 259-9683
'Pine Run Inc',"1880 Pine Run Rd, Abbottstown, PA, 17301-9723, US",150,717-259-8644
'Kennedy's Mobile Home Park',"356 Hutchman Rd, Adamsburg, PA, 15410, US",24,724-625-9052
'Oak Manor Mobile Home Park',"Sr 3007, Adamsburg, PA, 15611, US",20,724-625-2281
'Placid Manor Corp',"Rr 1, Adamsburg, PA, 15611-9801, US",,
'Jakomas Mobile Home Park',"Addison, PA, 15411, US",4,
'Rittenhouse Mobile Home Court',"Addison, PA, 15411, US",55,
'Winding Ridge  Mh Park',"Addison, PA, 15411, US",,
'Elmer A Webb Trailer Court',"444 Fisher Rd, Airville, PA, 17302-9409, US",17,717-862-3852
'Hilltop Mobile Home Village',"550 S 7th St, Akron, PA, 17501-1469, US",,(717) 859-1055
'Kemps Mobile Home Park',"Five Points Rd, Alburtis, PA, 18011, US",4,610-845-2816
'Karom Mobile Home Park',"1521 Woodside Ave, Alburtis, PA, 18011, US",14,
'Karom Farm Mh Park',"Main St, Alburtis, PA, 18011, US",14,610-682-7242
'Kemps Mobile Home Park',"Rocky Ln, Alburtis, PA, 18011, US",9,610-845-2816
'Suburban Terrace Mobile Home',"8038 Jupiter Dr, Aliquippa, PA, 15001-4833, US",68,(724) 375-1366
'Forest Brook Mh Park',"1218 Kings Mill Rd, Aliquippa, PA, 15001-4511, US",,724-378-8898
'J C Trailer Park & Sales',"2630 Kane Rd, Aliquippa, PA, 15001-2841, US",65,(724) 375-0998
'Aliquippa Mobile Estates',"Spring St Mobile Ct, Aliquippa, PA, 15001, US",38,724-375-8084
'Pleasant View',"Slaters Rd, Allegheny, PA, 15212, US",,724-637-2532
'Royal Oaks Mobile Home Park',"2210 Greenwood Rd, Allentown, PA, 18103-2948, US",33,610-434-1531
'Holly Park Court',"0850 N. Halstead St. 0880, Allentown, PA, 18101, US",,
'Boulevard Mh Community',"1128 E Livingston St. 1146, Allentown, PA, 18101, US",,
'Witko Homes Inc',"1820 Airport Rd, Allentown, PA, 18103-9530, US",125,610-264-3955
'Saylor's Mobile Home Park',"3350 Airport Rd, Allentown, PA, 18109, US",46,610-264-0971
'Ross Mobile Homes Inc',"1648 E Pleasant Valley Blvd, Altoona, PA, 16602-7386, US",47,814-943-8121
'Houck Trailer Park',"1649 E Pleasant Valley Blvd, Altoona, PA, 16602-7377, US",50,(814) 942-8615
'Hillcrest Estates',"501 S Dartmouth Ln # 4, Altoona, PA, 16602-7362, US",65,(814) 942-7434
'Camelot Woods',"500 Earnhardt Dr, Altoona, PA, 16601, US",125,814-941-9077
'Semak Mobile Homes',"5 Merriman Rd, Ambridge, PA, 15003-1114, US",32,724-728-8822
'Palm City Park',"2379 Brandt Rd, Annville, PA, 17003-8849, US",227,(717) 838-6375
'Baker Trailer Park',"Rr 1 Box 163, Baker, WV, 26801-9729, US",,
'Farmdale Court',"3530 Booten Creek Rd, Barboursville, WV, 25504-9489, US",16,(304) 736-7508
'Amigo Smoekless Coal',"Beckley, WV, 25801, US",,
'Barnes Trailer Park',"Beckley, WV, 25801, US",,
'Bava's Mhp',"Beckley, WV, 25801, US",,
'Beaver Coal Co',"Beckley, WV, 25801, US",,
'Beaver Park Mhp',"Beckley, WV, 25801, US",,
'Beckett Court Mh Park',"Beckley, WV, 25801, US",,
'Bennetts Mhp',"Beckley, WV, 25801, US",,
'Boggs Mhp',"Beckley, WV, 25801, US",,
'Chestnut Ridge Mh Park',"Beckley, WV, 25801, US",,
'Coal City Mhp',"Beckley, WV, 25801, US",,
'Deepwood Trailer Park',"Beckley, WV, 25801, US",,
'Dunlaps Mhp',"Beckley, WV, 25801, US",,
'Earls Trailer Park',"Beckley, WV, 25801, US",,
'Evergreen Mhp',"Beckley, WV, 25801, US",,
'Fotos Trailer Park',"Beckley, WV, 25801, US",,
'Gladview Mhp',"Beckley, WV, 25801, US",,
'Graham's Mobile Home Park',"Beckley, WV, 25801, US",,
'Hidden Valley Mhp',"Beckley, WV, 25801, US",,
'J C Trailer Park',"Beckley, WV, 25801, US",,
'Larabee's Mhp',"Beckley, WV, 25801, US",,
'Mcgraw's Mhp',"Beckley, WV, 25801, US",,
'Meador Brooke Trailer Park',"Beckley, WV, 25801, US",,
'',"Beckley, WV, 25801, US",,
'',"Beckley, WV, 25801, US",,
'',"Beckley, WV, 25801, US",,
'Mountain Williams Mhp',"Beckley, WV, 25801, US",,
'Mtn State Travel & Trlr Park',"Beckley, WV, 25801, US",,
'Oakcrest Mhp',"Beckley, WV, 25801, US",,
'Phoenix Mobile Homes Inc',"Bear, DE, 19701-0507, US",,(302) 328-8450
'Hunters Run',"114 E Scotland Dr, Bear, DE, 19701-1756, US",,(302) 834-2544
'Reybold Homes',"114 E Scotland Dr, Bear, DE, 19701, US",,(302) 834-2544
'Fairwinds Mobile Home Park',"738 Pulaski Hwy, Bear, DE, 19701-1233, US",,302-328-8450
'Hunter's Run',"Off Of Route 71,, Bear, DE, 19701, US",,302-834-3000
'Kingsmill',"Route 71, Bear, DE, 19701, US",,302-834-3000
'Waterford Estates',"205 Joan Drive, Bear, DE, 19701, US",,(302) 834-9514
'Walkers Mill Mobile Home Park',"11408 2nd St, Bridgeville, DE, 19933-4448, US",209,(302) 337-3125
'Keywood Manor Adult Community',"85 Pools Crossing Rd, Alfred, ME, 04002-3721, US",,207-324-7724
'Jalynne  Mobile Home Park',"63 Broad St # A, Auburn, ME, 04210-6814, US",52,
'Cascade Leisure Park',"P O Box 1363, Auburn, ME, 04211-1363, US",9,
'Country Lane Estates',"P O Box 3346, Auburn, ME, 04212-3346, US",252,
'Country Side Management',"Auburn, ME, 04212-3346, US",4,207-786-7756
'Stetson Brook Estates',"P O Box 3346, Auburn, ME, 04212-3346, US",212,
'Rockwood Village',"R R 7 Box 2750, Augusta, ME, 04330-9735, US",43,
'Fairview Estates',"North Belfast Ave, Augusta, ME, 04330-9735, US",14,207-623-5270
'Augusta Village',"541 Riverside Dr, Augusta, ME, 04330, US",,844-800-0311
'Golden Oaks Private Community',"9 Drake Hill Rd, Albany, NH, 03818-7500, US",,(603) 447-6251
'Holiday Acres Mobile Home Park',"1a Parkwood Dr, Allenstown, NH, 03275-2229, US",298,(603) 485-5547
'Bear Brook Gardens',"7 Hillside Dr, Allenstown, NH, 03275-2439, US",,
'Maplewood Terrace',"North Fifth St, Abbotsford, WI, 54405, US",98,715-223-6919
'',"Willow Road, Abbotsford, WI, 54405, US",,715-223-4065
'Foster Enterprises Ltd',"2520 State Highway 13, Adams, WI, 53910-9739, US",45,(608) 339-3717
'Edgewood Mobile Home Estates',"1154 Edgewood Dr, Adams, WI, 53910-9405, US",45,608-339-3717
'Rabl's Pinequilizer Mobile Pk',"1026 County Road M, Adams, WI, 53910-9528, US",58,(608) 339-6472
'Countryview Court',"N11060 County Road F, Alma Center, WI, 54611-8532, US",32,(715) 964-7271
'Hillcrest Estates',"1028 Oak Dr, Altoona, WI, 54720, US",650,715-544-8447
'Bonnie Vale Mh Park',"Altoona, WI, 54720, US",43,775-834-6004
'Countryside Manor',"Altoona, WI, 54720, US",61,775-834-6004
'Cozy Acres Mobile Home Park',"Altoona, WI, 54720, US",55,715-836-0098
'Pine Ridge Mobile Home Park',"Altoona, WI, 54720, US",100,715-834-5465
'River View Manor',"Sun, Park, Pine, Meadow Streets, Amery, WI, 54001, US",,715-352-9310
'Woodland Estates',"15690 County A, Angelo, WI, 54656, US",26,
'Lake View Trailer Park',"N 11437 Summer Street, Aniwa, WI, 54408, US",26,
'Karcz Mobile Home Park',"18785 W Maple Rd, Aniwa, WI, 54408, US",11,
'Forest Ave Mobile Home Court',"506 Forrest Ave, Antigo, WI, 54409, US",35,715-627-7351
'Rainbow Mobile Home Park',"1205 Tenth Ave, Antigo, WI, 54409, US",17,715-675-6741
'Westview Terrace',"1601 Tenth Ave, Antigo, WI, 54409-1000, US",60,715-623-6616
'Fox Valley Estates Mobile Home',"106 E Primrose Ln, Appleton, WI, 54915-4597, US",75,(920) 731-2344
'Country Crossing',"W 6150 County B B, Appleton, WI, 54915, US",,920-352-9310
'Country Estates Mh Park',"W6150 County Road Bb, Appleton, WI, 54914-9170, US",125,920-733-5239
'Home Source One',"W6150 County Road Bb, Appleton, WI, 54914-9170, US",,(920) 733-5239
'Dutch Harbor Estates Mobile Hm',"Appleton, WI, 54912-1001, US",,(920) 788-6393
'Circle Acres Mobile Home Park',"1100 W. Main St., Appleton, WI, 54911, US",45,920-734-1192
'Dunhams Seasonal Mh Park',"3525 N Morrison St, Appleton, WI, 54911-1251, US",,920-731-6725
'Van Handel's Mobile Home Park',"1719 E Edgewood Dr, Appleton, WI, 54913-8987, US",63,(920) 731-1762
'Five Oaks Park',"1830 E Edgewood Dr, Appleton, WI, 54913-7757, US",,(920) 735-1221
'Brandy Lake Resort',"1300 Brandy Lake Road, Arbor Vitae, WI, 54568, US",7,715-773-0146
'Hiawatha Trailer Resort',"Arbor Vitae, WI, 54568, US",80,715-356-6111
'Arbor Vitae Estates',"10977 Hwy 70 E, Arbor Vitae, WI, 54568, US",36,715-356-7603
'Autumn Leaves Mobile Home Park',"Alachua, FL, 32616-0667, US",19,(386) 462-4874
'Round Lake Mobile Home And Rv Park',"4972 Pilgrim Rest Church Rd, Alford, FL, 32420, US",,850-579-8882
'Riverside Mobile Home Park',"5277 S. Ridgewood Ave., Allandale, FL, 32127, US",92,
'Whispering Oaks Mobile Home Pk',"405 Douglas Ave, Altamonte Spgs, FL, 32714-2542, US",,(407) 774-9540
'Chisholm Trail Campground',"45626 State Road 19, Altoona, FL, 32702-9773, US",,352-669-5995
'Lake Dorr Mobile Home Park',"19246 Sunfish Lane, Altoona, FL, 32702, US",,
'Oak Park Mobile Home Village',"Alva, FL, 33920-0038, US",199,(239) 728-2109
'Victory Mobile Home Park',"9588 Ne Jacksonville Rd, Anthony, FL, 32617-3200, US",100,(352) 622-7001
'Bayview Trailer Park',"515 W. Hwy 98, Apalachicola, FL, 32320, US",24,
'De Neef Village',"5237 Deneef St, Apopka, FL, 32703-8938, US",,(407) 656-1139
'Harrison Trailer Park',"Walker Road, Apopka, FL, 32703, US",35,(407) 884-4399
'Fisherman's Paradise',"3310 Fernandez Ln, Apopka, FL, 32703-9001, US",,407-886-3734
'Majors Trailer Court',"3303 Overland Road, Apopka, FL, 32703, US",35,407-295-1045
'Tropicana Mobile Home Park',"1316 Tropicana Circle, Apopka, FL, 32703, US",21,407-345-1024
'Chalet North Mobile Home Park',"1095 Geneva Way, Apopka, FL, 32703-5744, US",,(407) 884-0672
'Hills Mobile Home Park',"1100 Roger Williams Rd, Apopka, FL, 32703-6597, US",120,(407) 886-8787
'Valencia Estates Mobile Home',"547 Drage Dr, Apopka, FL, 32703-3320, US",116,(407) 886-5776
'Rock Springs',"39 Tanglewood Dr, Apopka, FL, 32712, US",,813-945-7378
'Country Squire Mobile Home Vlg',"1820 Rock Springs Rd, Apopka, FL, 32712-2226, US",553,(407) 886-0775
'Palm Isle',"1560 Curless Ave, Apopka, FL, 32712, US",120,813-945-7378
'Oak Tree Park',"4805 Plymouth Sorrento Road, Apopka, FL, 32712, US",23,407-884-5751
'Brightwood Manor Mobile Home',"838 W Kelly Park Rd, Apopka, FL, 32712-5205, US",231,(407) 886-4747
'Valley',"5100 Round Lake Rd, Apopka, FL, 32712-5164, US",150,(407) 880-1212
'Clarcona Resort',"3000 Clarcona Rd, Apopka, FL, 32703, US",,
'The Valley',"5100 Round Lake Rd., Apopka, FL, 32712, US",,888-550-9404
'The Hills',"1100 S. Roger Williams Rd., Apopka, FL, 32703, US",,888-534-7719
'Oak Haven Park Llc',"10307 Sw Lettuce Lake Ave, Arcadia, FL, 34269-9593, US",40,(863) 494-4578
'Arcadia Mobile Home Park',"Highway 17 S, Arcadia, FL, 34266, US",,(863) 494-3939
'Municipal Trailer Park',"Hwy. 17 South, Arcadia, FL, 34266, US",107,
'Sunrise Mobile Home Park',"2371 Se Highway 31, Arcadia, FL, 34266-7943, US",83,(863) 993-2030
'M H Wright's Village Inc',"1121 Old Philadelphia Rd, Aberdeen, MD, 21001-4032, US",,(410) 272-0818
'Colonial Manor Court',"1411 Colonial Manor Ct, Annapolis, MD, 21401, US",55,410-974-1990
'Dogwood Mobile Home Park',"1277 Ritchie Hwy, Arnold, MD, 21012, US",25,410-544-1479
'Ideal Mobile Home Community',"900 Rahway Ave, Avenel, NJ, 07001-1903, US",311,(732) 634-2650
'Spring Valley Mobile Home Park',"106 Woodlawn Dr, Abbeville, SC, 29620-2026, US",50,(864) 366-7070
'Corners Mobile Home Park',"White Pond & Chime Bell Church Rd., Aiken, SC, 29803, US",12,
'Vine Mobile Home Park',"Old Draw Bridge Rd., Aiken, SC, 29801, US",18,
'Chime Bell Mobile Home Park',"Chime Bell Rd., Aiken, SC, 29801, US",18,
'Ebony's Mobile Home Park',"Route 5 Box 117, Aiken, SC, 29801, US",6,
'Michoacan Mobile Home Park',"Colbert Bridge Rd., Aiken, SC, 29803, US",5,
'Skyview Mobile Home Park',"441 Dry Branch Rd, Aiken, SC, 29803-3102, US",23,803-652-7477
'S & H Mobile Home Park',"5066 Whiskey Rd, Aiken, SC, 29803-3500, US",,803-652-3449
'Cozy Acres Mobile Home Park',"Misty Oak Ln., Aiken, SC, 29801, US",,
'Crosby Mobile Home Park',"Crosby Dr., Aiken, SC, 29801, US",,
'L & M Mobile Home Park',"704 Horse Creek Rd., Aiken, SC, 29801, US",7,
'Crossroads Mobile Home Cmnty',"569 Crossroads Park Dr, Aiken, SC, 29803-6833, US",183,(803) 642-5702
'Gammon Mobile Home Park',"Silver Bluff Rd., Aiken, SC, 29801, US",,
'Wilkins Mobile Home Park',"2611 Whiskey Rd., Aiken, SC, 29801, US",11,
'Dehaven Mobile Home Park',"Ginger Ln., Aiken, SC, 29803, US",18,
'Silver Bluff Mobile Home Court',"127 Glass Pl, Aiken, SC, 29803-7883, US",25,803-648-8603
'Glass Mobile Home Park',"925 Silver Bluff Rd., Aiken, SC, 29801, US",24,
'Oak Grove Mobile Home Park',"2106 Oakgrove Rd., Aiken, SC, 29801, US",12,
'Tanglewood Mobile Home Park',"1639 Huckleberry Dr., Aiken, SC, 29801, US",24,
'Holley's Mobile Home Park',"1960 Whiskey Rd., Aiken, SC, 29801, US",36,
'Dixon Mobile Home Park',"Pine Log Rd., Aiken, SC, 29801, US",19,
'Helen's Mobile Home Park',"Montmorenci Rd., Aiken, SC, 29801, US",10,
'Country Squire Mobile Home Pk',"112 Village Dr, Aiken, SC, 29803-6766, US",111,(803) 648-2480
'Partridge Bend Mh Park',"Whiskey Rd., Aiken, SC, 29801, US",24,
'Grinddy's Homestead',"Redds Branch Rd., Aiken, SC, 29801, US",20,
'Lamplight Trailer Park',"228 Retro Dr, Aiken, SC, 29801-0218, US",18,(803) 649-7579
'Cothran Mobile Home Park',"Rushton Rd., Aiken, SC, 29801, US",17,
'Beatty Trailer Park',"Hwy. 19, Aiken, SC, 29801, US",12,
'Center Mobile Home Park',"N. Hwy. 1, Aiken, SC, 29801, US",12,
'Joyce Mobile Home Park',"Route 1 Box 488, Aiken, SC, 29801, US",11,
'Stanley's Mobile Home Park',"Branch Dr, Acworth, GA, 30102, US",5,
'Bennies',"E Cherokee Dr & Union Hill Rd, Acworth, GA, 30101, US",32,
'Etowah Yacht Club',"Army Corp Prop. Recreation Ln, Acworth, GA, 30101, US",26,
'Oakridge Mobile Home Park',"Acworth, GA, 30101-0205, US",,(770) 974-3188
'Red Top Mountain Estates',"Acworth, GA, 30101-0702, US",278,(770) 974-1209
'Blue Springs Village',"Acworth, GA, 30101-0270, US",,(770) 974-3618
'Spring Park',"1008 Hwy 293, Acworth, GA, 30101, US",,
'Fairway Villas',"4725 N Cobb Pkwy Nw, Acworth, GA, 30101-4131, US",241,(770) 974-9407
'Marble Valley',"Robin Rd, Acworth, GA, 30101, US",28,
'Murdock',"Robin Rd, Acworth, GA, 30101, US",5,
'Modern Living Mobile Home Park',"4368 Davis Dr, Acworth, GA, 30101, US",117,770-974-0336
'Harrington Woods',"Glade Rd, Acworth, GA, 30101, US",,
'Cantrells',"5195 Hamby Rd, Acworth, GA, 30101, US",6,
'Cottrells',"5229 Hamby Rd, Acworth, GA, 30101, US",12,
'Twin Oaks',"6183 Hwy 293, Acworth, GA, 30101, US",,
'Page Mobile Home Park',"1260 Hwy. 92, Acworth, GA, 30102, US",,
'Lakemont Mobile Home Park',"6315 N Main St, Acworth, GA, 30101, US",,
'Western Mobile Home Park',"5727 Groover Landing, Acworth, GA, 30101, US",,
'Green Acres',"5379 Woodstock Rd, Acworth, GA, 30101, US",31,
'Poplar Valley',"5655 Hwy 92, Acworth, GA, 30101, US",32,
'Brent Estates',"5737 Hwy 92, Acworth, GA, 30101, US",6,
'Allatoona Mobile Home Park',"5621 Glade Rd Se, Acworth, GA, 30102-3043, US",,(770) 974-2800
'Bells Ferry Mobile Home Park',"5745 Bells Ferry Rd, Acworth, GA, 30102-1976, US",127,(770) 926-3650
'Murdock Mobile Home Park',"5626 Robin Rd, Acworth, GA, 30102, US",,
'Mountain Top',"459 Gold Hill Rd, Acworth, GA, 30121, US",,
'Lakeway Mh Park',"5659 Groovers Landing, Acworth, GA, 30102, US",,
'Cornetts',"1174 Pine Ridge Rd, Acworth, GA, 30101, US",9,
'Pine Village',"1174 W Pine Ridge Rd, Acworth, GA, 30101, US",68,
'Youmans Mobile Home Park',"1148 West Pine Ridge, Acworth, GA, 30101, US",3,
'Red Barn Mobile Home Park',"725 Red Barn Rd., Acworth, GA, 30102, US",,770-924-2921
'R D Corp',"Accord, MA, 02018-0572, US",,(781) 740-4529
'Acushnet Mh Community',"168 Lake St, Acushnet, MA, 02743-1310, US",,508-763-2128
'Northeast Housing Concepts Inc',"739 Daniel Shays Hwy # A1, Athol, MA, 01331-9329, US",,(978) 249-5331
'Miller's Woods and River Bend',"739 Daniel Shays Hwy, Athol, MA, 01331, US",,978-249-5331
'Eastlande Mobile Home Park',"1346 Newport Ave, Attleboro, MA, 02703-8043, US",96,(508) 761-7862
'Oak Hill - MA',"1003 Oakhill Avenue, Unit 66, Attleboro, MA, 02703, US",251,239-593-1010
'Windbrook Acres Co Op Corp',"120 Washington St, Auburn, MA, 01501-3014, US",,(508) 752-0372
'White Sands',"607 South Florida Avenue, Alamogordo, NM, 88310, US",,575-437-8388
'Desert View Mobile Home Park',"904 S Florida Ave, Alamogordo, NM, 88310, US",42,575-443-6157
'White Sands',"602 South Florida Avenue, Alamogordo, NM, 88310, US",,575-437-8388
'Desert Palms Mobile Home Park',"5090 Coors Blvd Sw, Albuquerque, NM, 87121-6268, US",61,505-873-1891
'Sunset Mobile Home Park',"2305 Metzgar Rd Sw, Albuquerque, NM, 87105-6466, US",46,505-877-7777
'Countryside Mobile Home Park',"4201 Coors Blvd Sw, Albuquerque, NM, 87121-5335, US",152,505-873-1818
'Rio Bravo Estates',"307 Fentiman Pl Se, Albuquerque, NM, 87105-5974, US",,
'Rio Bravo Mobile Home Park',"2718 Rio Bravo Blvd Sw # 57, Albuquerque, NM, 87105-5682, US",58,505-877-3754
'Barcelona Mobile Home Park',"4141 Barcelona Rd Sw # G3, Albuquerque, NM, 87121-5162, US",89,505-873-3922
'Countryside Estates',"2550 Isleta Blvd Sw, Albuquerque, NM, 87105-5882, US",40,505-877-3777
'Sunshine Country Mobile Hm Prk',"4200 Blake Rd Sw, Albuquerque, NM, 87121-5035, US",122,(505) 873-3201
'Baker's Mobile Home Park',"4301 Blake Rd Sw # 63, Albuquerque, NM, 87121-5003, US",91,505-877-6707
'Vista Del Sol Mh Park',"4501 Blake Rd Sw, Albuquerque, NM, 87121-5030, US",475,505-877-7997
'NMAL Riverside West Llc',"2503 Coors Blvd Sw, Albuquerque, NM, 87121-5018, US",88,505-966-8800
'South Pointe Village',"11100 Gibson Blvd Se, Albuquerque, NM, 87123-3403, US",282,505-296-8850
'High Mesa Mobile Home Park',"757 98th St Sw # 135, Albuquerque, NM, 87121-7855, US",153,505-831-6223
'Tierra West Mh Park',"224 Paseo Del Volcan Sw, Albuquerque, NM, 87121-8702, US",753,505-831-0511
'University Village',"1907 Buena Vista Dr Se # 100, Albuquerque, NM, 87106-4167, US",211,505-247-2631
'Four Hills Mobile Home Park',"12300 Singing Arrow Ave Se, Albuquerque, NM, 87123-3704, US",1000,505-299-7663
'Roll'n Home Park',"8501 San Joaquin Ave Se, Albuquerque, NM, 87108-4207, US",50,505-268-1757
'Manzano Mobile Home Park',"530 Utah St Se # 1, Albuquerque, NM, 87108-4268, US",62,505-255-2773
'Van Cleave Place',"9201 Trumbull Ave Se, Albuquerque, NM, 87123-3167, US",200,505-294-5095
'Wyoming Terrace',"9000 Trumbull Ave Se, Albuquerque, NM, 87123-3166, US",500,505-298-1061
'Ray's Mobile Home Park',"11400 Cochiti Rd Se, Albuquerque, NM, 87123-3389, US",56,505-275-7059
'Cactus Mobile Home Court',"300 Moon St Se, Albuquerque, NM, 87123-3284, US",29,505-881-2686
'Loma Vista Mobile Home Park',"10401 Central Ave Nw # 100, Albuquerque, NM, 87121-7657, US",41,505-836-2055
'Longview MHP',"10200 Central Ave Sw, Albuquerque, NM, 87121, US",93,505-831-0511
'Skyline Mobile Home Park',"11000 Skyline Rd Ne # 40, Albuquerque, NM, 87123-2842, US",53,505-296-7944
'Terrace Mobile Home Community',"9000 Zuni Rd Se, Albuquerque, NM, 87123-3116, US",500,505-298-1061
'Vista Mobile Home Community',"9600 Central Ave Sw, Albuquerque, NM, 87121-7671, US",176,505-831-4800
'Mobile Dwellers Ranch',"13601 387th Avenue, Aberdeen, SD, 57401, US",38,605-225-3222
'Lakeside Estates',"2511 S Highway 281, Aberdeen, SD, 57401-8750, US",,605-229-4248
'Park Village Mobile Home Court',"1624 10th Ave S.W., Aberdeen, SD, 57401-5680, US",213,605-225-8458
'Highland 9th Ave Court',"1323 1515 9th Ave S.W., Aberdeen, SD, 57401, US",13,605-225-9641
'Hunstad Court',"621 S Rock Street, Aberdeen, SD, 57401, US",8,605-225-6457
'Mobile Estates',"614 S 13th St, Aberdeen, SD, 57401, US",20,605-225-1692
'Kesslers Court',"1209 6th Ave S.W., Aberdeen, SD, 57401, US",25,605-225-1692
'Delavilla Court',"200 S Illinois, Aberdeen, SD, 57401, US",,
'Northview Mobile Manor',"1201 8th Ave N.E., Aberdeen, SD, 57401, US",90,605-226-2351
'Eisenbeis South Court',"1225 Rosevelt, Aberdeen, SD, 57401, US",108,605-225-5283
'Country Village',"38520 130th St, Aberdeen, SD, 57401-8449, US",170,605-229-4343
'Beeler's Mhp',"Alcester, SD, 57001, US",4,
'Quick's Mhp',"309 W 6th St, Alcester, SD, 57001, US",13,
'Knutsons Court',"Aurora, SD, 57002, US",26,605-693-3383
'Lentsch Court',"Aurora, SD, 57002, US",27,605-693-4201
'Westwind Mobile Home Park',"Athabasca, AB, T9S 2B4, CA",,780-675-9534
'Greenbrook Estates',"90 Greenbrook Mobile Village, Brooks, AB, T1R 0R8, CA",,403-362-3279
'Blackfoot Mobile Home Park',"9200 Blackfoot Trail Se, Calgary, AB, T2J 0T2, CA",,403-255-6022
'Chateau Estates Mobile Home Park',"1101 84 Street Ne, Calgary, AB, T2A 7X2, CA",,403-271-6644
'Parkridge Estates Mobile Home Park',"3232 Burroughs Manor Ne, Calgary, AB, T1Y 6K2, CA",,403-293-3333
'Watergrove Mobile Home Park',"99 Arbour Lake Rd Nw, Calgary, AB, T1X 1E1, CA",,403-547-0200
'Calgary Village',"6220 17 Avenue Se Drive #277, Calgary, AB, T2A 0W6, CA",336,813-291-7413
'Camrose Mobile Home Park',"4802 54 Ave, Camrose, AB, T4V 3A5, CA",,780-672-2396
'Country Style Mobile Home Park Ltd',"Drayton Valley, AB, T7A 1A1, CA",,780-542-4543
'Poplar Ridge Mobile Home Park',"Drayton Valley, AB, T7A 1A1, CA",,780-542-9221
'Kountry Meadows Estates Mobile Home Park',"Eckville, AB, T0M 0X0, CA",,403-746-5080
'New Sarepta Manufactored Home Community',"Edmonton, AB, T5A 0A3, CA",,780-475-6220
'Pine Shadow Estates',"16326 Township Rd 534 Yellowhead Cnty, Edson, AB, T7E, CA",,780-723-6860
'High River Village',"103 Sunset Way Se, High River, AB, T1V 1J4, CA",110,813-291-7413
'Westwood Court Mobile Home Park',"5404 42 St, Innisfail, AB, T4G 1K7, CA",,403-227-6011
'Mackenize Ranch Estates',"15 Mackenzie Ranch Way, Lacombe, AB, T4L 0A7, CA",,403-396-1094
'Lloydminster Village',"5308 57 Street, Lloydminster, AB, T9V 2A3, CA",179,813-291-7413
'Crestwood Mobile Home Park',"2248 Southview Drive Se 101, Medicine Hat, AB, T1B 1R3, CA",,403-526-7737
'Medicine Hat Village',"4000 13 Avenue Se, Medicine Hat, AB, T1B 1J3, CA",213,813-291-7413
'Midland Mobile Home Park',"Millet, AB, T0C 1Z0, CA",,780-387-4115
'Okotoks Village',"107 Heritage Dr., Okotoks, AB, T0L 1T3, CA",104,813-291-7413
'Olds Mobile Home Park',"5103 Av 61, Olds, AB, T4H 1L6, CA",,403-556-3443
'Red Deer Village',"5344 76 Street, Red Deer, AB, T2P 2A6, CA",346,813-291-7413
'Lakeland Village Manufactured Home Park',"Sherwood Park, AB, T8A 0A1, CA",,780-464-4649
'Westside Village Mobile Home Park',"812 6 Avenue Sw, Slave Lake, AB, T0G 2A4, CA",,780-849-5760
'Wild Rose Garden Estates',"4202 45th Street, Wetaskiwin, AB, T9A 2C1, CA",,780-352-7119
'Eagle Rock Mobile Home & R V Park',"888 Highway 97a, Armstrong, BC, V0E 1B0, CA",,250-546-8211
'Fraser Canyon Mobile Home & Rv Park',"50610 Trans Canada Hwy, Boston Bar, BC, V0K 1C0, CA",,604-867-9011
'Blue Spruce Mobile Home Park',"160 E Highway 16, Burns Lake, BC, V0J 1E0, CA",,250-692-3878
'Quinsam Heights Mobile Home Park',"Campbell River, BC, V9H 1A1, CA",,250-287-2601
